Entity,Code,Year,No data on legal status,Homosexuality is illegal,Homosexuality is legal
Africa,OWID_AFR,1760,51,3,0
Africa,OWID_AFR,1761,51,3,0
Africa,OWID_AFR,1762,51,3,0
Africa,OWID_AFR,1763,51,3,0
Africa,OWID_AFR,1764,51,3,0
Africa,OWID_AFR,1765,51,3,0
Africa,OWID_AFR,1766,51,3,0
Africa,OWID_AFR,1767,51,3,0
Africa,OWID_AFR,1768,51,3,0
Africa,OWID_AFR,1769,51,3,0
Africa,OWID_AFR,1770,51,3,0
Africa,OWID_AFR,1771,51,3,0
Africa,OWID_AFR,1772,51,3,0
Africa,OWID_AFR,1773,51,3,0
Africa,OWID_AFR,1774,51,3,0
Africa,OWID_AFR,1775,51,3,0
Africa,OWID_AFR,1776,51,3,0
Africa,OWID_AFR,1777,51,3,0
Africa,OWID_AFR,1778,51,3,0
Africa,OWID_AFR,1779,51,3,0
Africa,OWID_AFR,1780,51,3,0
Africa,OWID_AFR,1781,51,3,0
Africa,OWID_AFR,1782,51,3,0
Africa,OWID_AFR,1783,51,3,0
Africa,OWID_AFR,1784,51,3,0
Africa,OWID_AFR,1785,51,3,0
Africa,OWID_AFR,1786,51,3,0
Africa,OWID_AFR,1787,51,3,0
Africa,OWID_AFR,1788,51,3,0
Africa,OWID_AFR,1789,51,3,0
Africa,OWID_AFR,1790,51,3,0
Africa,OWID_AFR,1791,51,3,0
Africa,OWID_AFR,1792,51,3,0
Africa,OWID_AFR,1793,51,3,0
Africa,OWID_AFR,1794,51,3,0
Africa,OWID_AFR,1795,51,3,0
Africa,OWID_AFR,1796,51,3,0
Africa,OWID_AFR,1797,51,3,0
Africa,OWID_AFR,1798,51,3,0
Africa,OWID_AFR,1799,51,3,0
Africa,OWID_AFR,1800,51,3,0
Africa,OWID_AFR,1801,51,3,0
Africa,OWID_AFR,1802,51,3,0
Africa,OWID_AFR,1803,51,3,0
Africa,OWID_AFR,1804,51,3,0
Africa,OWID_AFR,1805,51,3,0
Africa,OWID_AFR,1806,51,3,0
Africa,OWID_AFR,1807,51,3,0
Africa,OWID_AFR,1808,51,3,0
Africa,OWID_AFR,1809,51,3,0
Africa,OWID_AFR,1810,51,3,0
Africa,OWID_AFR,1811,51,3,0
Africa,OWID_AFR,1812,51,3,0
Africa,OWID_AFR,1813,51,3,0
Africa,OWID_AFR,1814,51,3,0
Africa,OWID_AFR,1815,51,3,0
Africa,OWID_AFR,1816,51,3,0
Africa,OWID_AFR,1817,51,3,0
Africa,OWID_AFR,1818,51,3,0
Africa,OWID_AFR,1819,51,3,0
Africa,OWID_AFR,1820,51,3,0
Africa,OWID_AFR,1821,51,3,0
Africa,OWID_AFR,1822,51,3,0
Africa,OWID_AFR,1823,51,3,0
Africa,OWID_AFR,1824,51,3,0
Africa,OWID_AFR,1825,51,3,0
Africa,OWID_AFR,1826,51,3,0
Africa,OWID_AFR,1827,51,3,0
Africa,OWID_AFR,1828,51,3,0
Africa,OWID_AFR,1829,51,3,0
Africa,OWID_AFR,1830,51,3,0
Africa,OWID_AFR,1831,51,3,0
Africa,OWID_AFR,1832,51,3,0
Africa,OWID_AFR,1833,51,3,0
Africa,OWID_AFR,1834,51,3,0
Africa,OWID_AFR,1835,51,3,0
Africa,OWID_AFR,1836,51,3,0
Africa,OWID_AFR,1837,51,3,0
Africa,OWID_AFR,1838,50,4,0
Africa,OWID_AFR,1839,50,4,0
Africa,OWID_AFR,1840,50,4,0
Africa,OWID_AFR,1841,50,4,0
Africa,OWID_AFR,1842,50,4,0
Africa,OWID_AFR,1843,50,4,0
Africa,OWID_AFR,1844,50,4,0
Africa,OWID_AFR,1845,50,4,0
Africa,OWID_AFR,1846,50,4,0
Africa,OWID_AFR,1847,50,4,0
Africa,OWID_AFR,1848,50,4,0
Africa,OWID_AFR,1849,50,4,0
Africa,OWID_AFR,1850,50,4,0
Africa,OWID_AFR,1851,50,4,0
Africa,OWID_AFR,1852,50,4,0
Africa,OWID_AFR,1853,50,4,0
Africa,OWID_AFR,1854,50,4,0
Africa,OWID_AFR,1855,50,4,0
Africa,OWID_AFR,1856,50,4,0
Africa,OWID_AFR,1857,50,4,0
Africa,OWID_AFR,1858,49,4,1
Africa,OWID_AFR,1859,49,4,1
Africa,OWID_AFR,1860,49,4,1
Africa,OWID_AFR,1861,48,5,1
Africa,OWID_AFR,1862,48,5,1
Africa,OWID_AFR,1863,48,5,1
Africa,OWID_AFR,1864,48,5,1
Africa,OWID_AFR,1865,48,5,1
Africa,OWID_AFR,1866,48,5,1
Africa,OWID_AFR,1867,47,6,1
Africa,OWID_AFR,1868,47,6,1
Africa,OWID_AFR,1869,47,6,1
Africa,OWID_AFR,1870,47,6,1
Africa,OWID_AFR,1871,46,7,1
Africa,OWID_AFR,1872,46,7,1
Africa,OWID_AFR,1873,46,7,1
Africa,OWID_AFR,1874,46,7,1
Africa,OWID_AFR,1875,46,7,1
Africa,OWID_AFR,1876,46,7,1
Africa,OWID_AFR,1877,43,7,4
Africa,OWID_AFR,1878,43,7,4
Africa,OWID_AFR,1879,43,7,4
Africa,OWID_AFR,1880,42,7,5
Africa,OWID_AFR,1881,42,7,5
Africa,OWID_AFR,1882,40,7,7
Africa,OWID_AFR,1883,40,7,7
Africa,OWID_AFR,1884,38,8,8
Africa,OWID_AFR,1885,37,9,8
Africa,OWID_AFR,1886,34,12,8
Africa,OWID_AFR,1887,34,12,8
Africa,OWID_AFR,1888,34,12,8
Africa,OWID_AFR,1889,34,12,8
Africa,OWID_AFR,1890,34,12,8
Africa,OWID_AFR,1891,31,14,9
Africa,OWID_AFR,1892,30,15,9
Africa,OWID_AFR,1893,30,15,9
Africa,OWID_AFR,1894,28,16,10
Africa,OWID_AFR,1895,28,16,10
Africa,OWID_AFR,1896,28,16,10
Africa,OWID_AFR,1897,26,17,11
Africa,OWID_AFR,1898,26,17,11
Africa,OWID_AFR,1899,24,17,13
Africa,OWID_AFR,1900,22,17,15
Africa,OWID_AFR,1901,22,17,15
Africa,OWID_AFR,1902,22,17,15
Africa,OWID_AFR,1903,20,17,17
Africa,OWID_AFR,1904,19,18,17
Africa,OWID_AFR,1905,19,18,17
Africa,OWID_AFR,1906,19,18,17
Africa,OWID_AFR,1907,18,19,17
Africa,OWID_AFR,1908,18,19,17
Africa,OWID_AFR,1909,18,19,17
Africa,OWID_AFR,1910,18,19,17
Africa,OWID_AFR,1911,18,19,17
Africa,OWID_AFR,1912,18,19,17
Africa,OWID_AFR,1913,16,21,17
Africa,OWID_AFR,1914,16,21,17
Africa,OWID_AFR,1915,16,21,17
Africa,OWID_AFR,1916,16,21,17
Africa,OWID_AFR,1917,16,21,17
Africa,OWID_AFR,1918,15,22,17
Africa,OWID_AFR,1919,15,22,17
Africa,OWID_AFR,1920,14,23,17
Africa,OWID_AFR,1921,14,23,17
Africa,OWID_AFR,1922,14,23,17
Africa,OWID_AFR,1923,14,23,17
Africa,OWID_AFR,1924,14,23,17
Africa,OWID_AFR,1925,13,24,17
Africa,OWID_AFR,1926,13,24,17
Africa,OWID_AFR,1927,13,24,17
Africa,OWID_AFR,1928,13,24,17
Africa,OWID_AFR,1929,13,24,17
Africa,OWID_AFR,1930,13,24,17
Africa,OWID_AFR,1931,12,25,17
Africa,OWID_AFR,1932,12,25,17
Africa,OWID_AFR,1933,12,25,17
Africa,OWID_AFR,1934,11,26,17
Africa,OWID_AFR,1935,11,26,17
Africa,OWID_AFR,1936,11,26,17
Africa,OWID_AFR,1937,11,26,17
Africa,OWID_AFR,1938,11,26,17
Africa,OWID_AFR,1939,11,26,17
Africa,OWID_AFR,1940,11,26,17
Africa,OWID_AFR,1941,11,26,17
Africa,OWID_AFR,1942,11,26,17
Africa,OWID_AFR,1943,11,26,17
Africa,OWID_AFR,1944,11,26,17
Africa,OWID_AFR,1945,11,26,17
Africa,OWID_AFR,1946,11,26,17
Africa,OWID_AFR,1947,11,26,17
Africa,OWID_AFR,1948,11,26,17
Africa,OWID_AFR,1949,11,26,17
Africa,OWID_AFR,1950,11,26,17
Africa,OWID_AFR,1951,11,26,17
Africa,OWID_AFR,1952,11,26,17
Africa,OWID_AFR,1953,10,26,18
Africa,OWID_AFR,1954,10,26,18
Africa,OWID_AFR,1955,9,27,18
Africa,OWID_AFR,1956,9,27,18
Africa,OWID_AFR,1957,7,29,18
Africa,OWID_AFR,1958,7,29,18
Africa,OWID_AFR,1959,7,29,18
Africa,OWID_AFR,1960,7,29,18
Africa,OWID_AFR,1961,7,29,18
Africa,OWID_AFR,1962,7,29,18
Africa,OWID_AFR,1963,6,29,19
Africa,OWID_AFR,1964,6,29,19
Africa,OWID_AFR,1965,6,29,19
Africa,OWID_AFR,1966,5,31,18
Africa,OWID_AFR,1967,5,31,18
Africa,OWID_AFR,1968,5,31,18
Africa,OWID_AFR,1969,5,31,18
Africa,OWID_AFR,1970,5,31,18
Africa,OWID_AFR,1971,5,31,18
Africa,OWID_AFR,1972,5,31,18
Africa,OWID_AFR,1973,5,31,18
Africa,OWID_AFR,1974,5,33,16
Africa,OWID_AFR,1975,5,33,16
Africa,OWID_AFR,1976,5,34,15
Africa,OWID_AFR,1977,5,34,15
Africa,OWID_AFR,1978,4,35,15
Africa,OWID_AFR,1979,4,35,15
Africa,OWID_AFR,1980,3,35,16
Africa,OWID_AFR,1981,2,36,16
Africa,OWID_AFR,1982,2,36,16
Africa,OWID_AFR,1983,2,37,15
Africa,OWID_AFR,1984,2,37,15
Africa,OWID_AFR,1985,2,37,15
Africa,OWID_AFR,1986,2,37,15
Africa,OWID_AFR,1987,2,37,15
Africa,OWID_AFR,1988,2,38,14
Africa,OWID_AFR,1989,2,38,14
Africa,OWID_AFR,1990,2,38,14
Africa,OWID_AFR,1991,2,38,14
Africa,OWID_AFR,1992,2,38,14
Africa,OWID_AFR,1993,2,37,15
Africa,OWID_AFR,1994,2,37,15
Africa,OWID_AFR,1995,1,37,16
Africa,OWID_AFR,1996,1,37,16
Africa,OWID_AFR,1997,1,37,16
Africa,OWID_AFR,1998,1,36,17
Africa,OWID_AFR,1999,1,36,17
Africa,OWID_AFR,2000,1,36,17
Africa,OWID_AFR,2001,1,36,17
Africa,OWID_AFR,2002,1,36,17
Africa,OWID_AFR,2003,1,36,17
Africa,OWID_AFR,2004,1,35,18
Africa,OWID_AFR,2005,1,35,18
Africa,OWID_AFR,2006,1,35,18
Africa,OWID_AFR,2007,1,35,18
Africa,OWID_AFR,2008,1,35,18
Africa,OWID_AFR,2009,0,36,18
Africa,OWID_AFR,2010,0,36,18
Africa,OWID_AFR,2011,0,36,18
Africa,OWID_AFR,2012,0,34,20
Africa,OWID_AFR,2013,0,34,20
Africa,OWID_AFR,2014,0,33,21
Africa,OWID_AFR,2015,0,33,21
Africa,OWID_AFR,2016,0,32,22
Africa,OWID_AFR,2017,0,33,21
Africa,OWID_AFR,2018,0,33,21
Africa,OWID_AFR,2019,0,33,21
Africa,OWID_AFR,2020,0,32,22
Africa,OWID_AFR,2021,0,31,23
Africa,OWID_AFR,2022,0,31,23
Africa,OWID_AFR,2023,0,30,24
Africa,OWID_AFR,2024,0,29,25
Africa,OWID_AFR,2025,0,29,25
Asia,OWID_ASI,1760,26,10,14
Asia,OWID_ASI,1761,26,10,14
Asia,OWID_ASI,1762,26,10,14
Asia,OWID_ASI,1763,26,10,14
Asia,OWID_ASI,1764,26,10,14
Asia,OWID_ASI,1765,26,10,14
Asia,OWID_ASI,1766,26,10,14
Asia,OWID_ASI,1767,26,10,14
Asia,OWID_ASI,1768,26,10,14
Asia,OWID_ASI,1769,26,10,14
Asia,OWID_ASI,1770,26,10,14
Asia,OWID_ASI,1771,26,10,14
Asia,OWID_ASI,1772,26,10,14
Asia,OWID_ASI,1773,26,10,14
Asia,OWID_ASI,1774,26,10,14
Asia,OWID_ASI,1775,26,10,14
Asia,OWID_ASI,1776,26,10,14
Asia,OWID_ASI,1777,26,10,14
Asia,OWID_ASI,1778,26,10,14
Asia,OWID_ASI,1779,26,10,14
Asia,OWID_ASI,1780,26,10,14
Asia,OWID_ASI,1781,26,10,14
Asia,OWID_ASI,1782,26,10,14
Asia,OWID_ASI,1783,26,10,14
Asia,OWID_ASI,1784,26,10,14
Asia,OWID_ASI,1785,26,10,14
Asia,OWID_ASI,1786,26,10,14
Asia,OWID_ASI,1787,26,10,14
Asia,OWID_ASI,1788,26,10,14
Asia,OWID_ASI,1789,26,10,14
Asia,OWID_ASI,1790,26,10,14
Asia,OWID_ASI,1791,26,10,14
Asia,OWID_ASI,1792,26,10,14
Asia,OWID_ASI,1793,26,10,14
Asia,OWID_ASI,1794,25,11,14
Asia,OWID_ASI,1795,25,11,14
Asia,OWID_ASI,1796,25,11,14
Asia,OWID_ASI,1797,25,11,14
Asia,OWID_ASI,1798,25,11,14
Asia,OWID_ASI,1799,25,11,14
Asia,OWID_ASI,1800,25,11,14
Asia,OWID_ASI,1801,25,11,14
Asia,OWID_ASI,1802,25,11,14
Asia,OWID_ASI,1803,25,11,14
Asia,OWID_ASI,1804,25,11,14
Asia,OWID_ASI,1805,25,11,14
Asia,OWID_ASI,1806,25,11,14
Asia,OWID_ASI,1807,25,11,14
Asia,OWID_ASI,1808,25,11,14
Asia,OWID_ASI,1809,25,11,14
Asia,OWID_ASI,1810,25,11,14
Asia,OWID_ASI,1811,25,11,14
Asia,OWID_ASI,1812,25,11,14
Asia,OWID_ASI,1813,25,11,14
Asia,OWID_ASI,1814,25,11,14
Asia,OWID_ASI,1815,25,11,14
Asia,OWID_ASI,1816,25,11,14
Asia,OWID_ASI,1817,25,11,14
Asia,OWID_ASI,1818,25,11,14
Asia,OWID_ASI,1819,25,11,14
Asia,OWID_ASI,1820,25,11,14
Asia,OWID_ASI,1821,25,11,14
Asia,OWID_ASI,1822,25,10,15
Asia,OWID_ASI,1823,25,10,15
Asia,OWID_ASI,1824,25,10,15
Asia,OWID_ASI,1825,25,10,15
Asia,OWID_ASI,1826,25,10,15
Asia,OWID_ASI,1827,25,10,15
Asia,OWID_ASI,1828,25,10,15
Asia,OWID_ASI,1829,25,10,15
Asia,OWID_ASI,1830,25,10,15
Asia,OWID_ASI,1831,25,10,15
Asia,OWID_ASI,1832,25,18,7
Asia,OWID_ASI,1833,25,18,7
Asia,OWID_ASI,1834,25,18,7
Asia,OWID_ASI,1835,25,18,7
Asia,OWID_ASI,1836,25,18,7
Asia,OWID_ASI,1837,25,18,7
Asia,OWID_ASI,1838,25,18,7
Asia,OWID_ASI,1839,25,18,7
Asia,OWID_ASI,1840,25,18,7
Asia,OWID_ASI,1841,25,18,7
Asia,OWID_ASI,1842,25,18,7
Asia,OWID_ASI,1843,25,18,7
Asia,OWID_ASI,1844,25,18,7
Asia,OWID_ASI,1845,25,18,7
Asia,OWID_ASI,1846,25,18,7
Asia,OWID_ASI,1847,25,18,7
Asia,OWID_ASI,1848,25,18,7
Asia,OWID_ASI,1849,25,18,7
Asia,OWID_ASI,1850,25,18,7
Asia,OWID_ASI,1851,25,18,7
Asia,OWID_ASI,1852,25,18,7
Asia,OWID_ASI,1853,25,18,7
Asia,OWID_ASI,1854,25,18,7
Asia,OWID_ASI,1855,25,18,7
Asia,OWID_ASI,1856,25,18,7
Asia,OWID_ASI,1857,25,18,7
Asia,OWID_ASI,1858,24,13,13
Asia,OWID_ASI,1859,24,13,13
Asia,OWID_ASI,1860,24,13,13
Asia,OWID_ASI,1861,24,13,13
Asia,OWID_ASI,1862,23,14,13
Asia,OWID_ASI,1863,23,14,13
Asia,OWID_ASI,1864,23,14,13
Asia,OWID_ASI,1865,22,15,13
Asia,OWID_ASI,1866,22,15,13
Asia,OWID_ASI,1867,22,15,13
Asia,OWID_ASI,1868,22,15,13
Asia,OWID_ASI,1869,22,15,13
Asia,OWID_ASI,1870,22,15,13
Asia,OWID_ASI,1871,19,18,13
Asia,OWID_ASI,1872,19,18,13
Asia,OWID_ASI,1873,19,19,12
Asia,OWID_ASI,1874,19,19,12
Asia,OWID_ASI,1875,19,19,12
Asia,OWID_ASI,1876,19,19,12
Asia,OWID_ASI,1877,19,19,12
Asia,OWID_ASI,1878,19,19,12
Asia,OWID_ASI,1879,19,19,12
Asia,OWID_ASI,1880,19,19,12
Asia,OWID_ASI,1881,19,19,12
Asia,OWID_ASI,1882,19,18,13
Asia,OWID_ASI,1883,19,18,13
Asia,OWID_ASI,1884,19,18,13
Asia,OWID_ASI,1885,18,19,13
Asia,OWID_ASI,1886,17,20,13
Asia,OWID_ASI,1887,17,20,13
Asia,OWID_ASI,1888,17,20,13
Asia,OWID_ASI,1889,17,20,13
Asia,OWID_ASI,1890,17,20,13
Asia,OWID_ASI,1891,17,20,13
Asia,OWID_ASI,1892,17,20,13
Asia,OWID_ASI,1893,17,20,13
Asia,OWID_ASI,1894,17,20,13
Asia,OWID_ASI,1895,17,20,13
Asia,OWID_ASI,1896,17,19,14
Asia,OWID_ASI,1897,17,19,14
Asia,OWID_ASI,1898,17,19,14
Asia,OWID_ASI,1899,17,19,14
Asia,OWID_ASI,1900,17,19,14
Asia,OWID_ASI,1901,17,19,14
Asia,OWID_ASI,1902,17,19,14
Asia,OWID_ASI,1903,17,19,14
Asia,OWID_ASI,1904,17,19,14
Asia,OWID_ASI,1905,17,19,14
Asia,OWID_ASI,1906,17,19,14
Asia,OWID_ASI,1907,17,19,14
Asia,OWID_ASI,1908,16,20,14
Asia,OWID_ASI,1909,16,20,14
Asia,OWID_ASI,1910,16,20,14
Asia,OWID_ASI,1911,16,20,14
Asia,OWID_ASI,1912,16,19,15
Asia,OWID_ASI,1913,16,19,15
Asia,OWID_ASI,1914,16,19,15
Asia,OWID_ASI,1915,16,19,15
Asia,OWID_ASI,1916,16,19,15
Asia,OWID_ASI,1917,16,19,15
Asia,OWID_ASI,1918,15,19,16
Asia,OWID_ASI,1919,15,19,16
Asia,OWID_ASI,1920,15,19,16
Asia,OWID_ASI,1921,15,19,16
Asia,OWID_ASI,1922,15,19,16
Asia,OWID_ASI,1923,15,19,16
Asia,OWID_ASI,1924,14,20,16
Asia,OWID_ASI,1925,14,20,16
Asia,OWID_ASI,1926,14,20,16
Asia,OWID_ASI,1927,14,20,16
Asia,OWID_ASI,1928,13,21,16
Asia,OWID_ASI,1929,13,22,15
Asia,OWID_ASI,1930,13,22,15
Asia,OWID_ASI,1931,13,22,15
Asia,OWID_ASI,1932,13,22,15
Asia,OWID_ASI,1933,13,22,15
Asia,OWID_ASI,1934,13,22,15
Asia,OWID_ASI,1935,13,22,15
Asia,OWID_ASI,1936,13,24,13
Asia,OWID_ASI,1937,12,25,13
Asia,OWID_ASI,1938,12,25,13
Asia,OWID_ASI,1939,12,25,13
Asia,OWID_ASI,1940,12,25,13
Asia,OWID_ASI,1941,12,25,13
Asia,OWID_ASI,1942,12,25,13
Asia,OWID_ASI,1943,11,26,13
Asia,OWID_ASI,1944,11,26,13
Asia,OWID_ASI,1945,11,26,13
Asia,OWID_ASI,1946,11,26,13
Asia,OWID_ASI,1947,11,26,13
Asia,OWID_ASI,1948,11,26,13
Asia,OWID_ASI,1949,11,27,12
Asia,OWID_ASI,1950,11,27,12
Asia,OWID_ASI,1951,11,27,12
Asia,OWID_ASI,1952,11,27,12
Asia,OWID_ASI,1953,11,27,12
Asia,OWID_ASI,1954,11,27,12
Asia,OWID_ASI,1955,11,27,12
Asia,OWID_ASI,1956,8,30,12
Asia,OWID_ASI,1957,8,29,13
Asia,OWID_ASI,1958,8,29,13
Asia,OWID_ASI,1959,7,30,13
Asia,OWID_ASI,1960,6,30,14
Asia,OWID_ASI,1961,5,30,15
Asia,OWID_ASI,1962,5,30,15
Asia,OWID_ASI,1963,5,30,15
Asia,OWID_ASI,1964,5,30,15
Asia,OWID_ASI,1965,5,30,15
Asia,OWID_ASI,1966,5,30,15
Asia,OWID_ASI,1967,5,30,15
Asia,OWID_ASI,1968,5,30,15
Asia,OWID_ASI,1969,5,30,15
Asia,OWID_ASI,1970,5,30,15
Asia,OWID_ASI,1971,4,31,15
Asia,OWID_ASI,1972,4,31,15
Asia,OWID_ASI,1973,4,31,15
Asia,OWID_ASI,1974,4,31,15
Asia,OWID_ASI,1975,3,31,16
Asia,OWID_ASI,1976,3,30,17
Asia,OWID_ASI,1977,3,30,17
Asia,OWID_ASI,1978,3,30,17
Asia,OWID_ASI,1979,3,30,17
Asia,OWID_ASI,1980,3,30,17
Asia,OWID_ASI,1981,3,30,17
Asia,OWID_ASI,1982,3,30,17
Asia,OWID_ASI,1983,3,30,17
Asia,OWID_ASI,1984,3,30,17
Asia,OWID_ASI,1985,3,30,17
Asia,OWID_ASI,1986,3,30,17
Asia,OWID_ASI,1987,3,30,17
Asia,OWID_ASI,1988,3,29,18
Asia,OWID_ASI,1989,3,29,18
Asia,OWID_ASI,1990,3,29,18
Asia,OWID_ASI,1991,3,28,19
Asia,OWID_ASI,1992,3,28,19
Asia,OWID_ASI,1993,3,28,19
Asia,OWID_ASI,1994,3,28,19
Asia,OWID_ASI,1995,3,28,19
Asia,OWID_ASI,1996,2,28,20
Asia,OWID_ASI,1997,2,28,20
Asia,OWID_ASI,1998,2,25,23
Asia,OWID_ASI,1999,2,25,23
Asia,OWID_ASI,2000,2,23,25
Asia,OWID_ASI,2001,2,23,25
Asia,OWID_ASI,2002,2,23,25
Asia,OWID_ASI,2003,2,22,26
Asia,OWID_ASI,2004,2,22,26
Asia,OWID_ASI,2005,2,22,26
Asia,OWID_ASI,2006,2,22,26
Asia,OWID_ASI,2007,1,22,27
Asia,OWID_ASI,2008,1,22,27
Asia,OWID_ASI,2009,1,22,27
Asia,OWID_ASI,2010,1,22,27
Asia,OWID_ASI,2011,1,22,27
Asia,OWID_ASI,2012,1,22,27
Asia,OWID_ASI,2013,1,22,27
Asia,OWID_ASI,2014,0,22,28
Asia,OWID_ASI,2015,0,22,28
Asia,OWID_ASI,2016,0,22,28
Asia,OWID_ASI,2017,0,22,28
Asia,OWID_ASI,2018,0,21,29
Asia,OWID_ASI,2019,0,21,29
Asia,OWID_ASI,2020,0,21,29
Asia,OWID_ASI,2021,0,20,30
Asia,OWID_ASI,2022,0,20,30
Asia,OWID_ASI,2023,0,19,31
Asia,OWID_ASI,2024,0,19,31
Asia,OWID_ASI,2025,0,19,31
Europe,OWID_EUR,1760,28,13,5
Europe,OWID_EUR,1761,28,13,5
Europe,OWID_EUR,1762,28,13,5
Europe,OWID_EUR,1763,28,13,5
Europe,OWID_EUR,1764,28,13,5
Europe,OWID_EUR,1765,28,13,5
Europe,OWID_EUR,1766,28,13,5
Europe,OWID_EUR,1767,28,13,5
Europe,OWID_EUR,1768,26,15,5
Europe,OWID_EUR,1769,26,15,5
Europe,OWID_EUR,1770,26,15,5
Europe,OWID_EUR,1771,26,15,5
Europe,OWID_EUR,1772,26,15,5
Europe,OWID_EUR,1773,26,15,5
Europe,OWID_EUR,1774,26,15,5
Europe,OWID_EUR,1775,26,15,5
Europe,OWID_EUR,1776,26,15,5
Europe,OWID_EUR,1777,26,15,5
Europe,OWID_EUR,1778,26,15,5
Europe,OWID_EUR,1779,26,15,5
Europe,OWID_EUR,1780,26,15,5
Europe,OWID_EUR,1781,26,15,5
Europe,OWID_EUR,1782,26,15,5
Europe,OWID_EUR,1783,26,15,5
Europe,OWID_EUR,1784,26,15,5
Europe,OWID_EUR,1785,26,15,5
Europe,OWID_EUR,1786,26,15,5
Europe,OWID_EUR,1787,26,15,5
Europe,OWID_EUR,1788,26,15,5
Europe,OWID_EUR,1789,26,15,5
Europe,OWID_EUR,1790,26,15,5
Europe,OWID_EUR,1791,25,14,7
Europe,OWID_EUR,1792,25,14,7
Europe,OWID_EUR,1793,24,14,8
Europe,OWID_EUR,1794,24,14,8
Europe,OWID_EUR,1795,22,14,10
Europe,OWID_EUR,1796,22,14,10
Europe,OWID_EUR,1797,22,14,10
Europe,OWID_EUR,1798,22,14,10
Europe,OWID_EUR,1799,22,14,10
Europe,OWID_EUR,1800,22,14,10
Europe,OWID_EUR,1801,22,14,10
Europe,OWID_EUR,1802,22,14,10
Europe,OWID_EUR,1803,22,14,10
Europe,OWID_EUR,1804,22,14,10
Europe,OWID_EUR,1805,22,14,10
Europe,OWID_EUR,1806,22,14,10
Europe,OWID_EUR,1807,22,14,10
Europe,OWID_EUR,1808,22,14,10
Europe,OWID_EUR,1809,22,14,10
Europe,OWID_EUR,1810,22,14,10
Europe,OWID_EUR,1811,22,13,11
Europe,OWID_EUR,1812,22,13,11
Europe,OWID_EUR,1813,22,12,12
Europe,OWID_EUR,1814,22,12,12
Europe,OWID_EUR,1815,21,13,12
Europe,OWID_EUR,1816,21,13,12
Europe,OWID_EUR,1817,21,13,12
Europe,OWID_EUR,1818,21,13,12
Europe,OWID_EUR,1819,21,13,12
Europe,OWID_EUR,1820,21,13,12
Europe,OWID_EUR,1821,21,13,12
Europe,OWID_EUR,1822,21,12,13
Europe,OWID_EUR,1823,21,12,13
Europe,OWID_EUR,1824,21,12,13
Europe,OWID_EUR,1825,21,12,13
Europe,OWID_EUR,1826,21,12,13
Europe,OWID_EUR,1827,21,12,13
Europe,OWID_EUR,1828,21,12,13
Europe,OWID_EUR,1829,21,12,13
Europe,OWID_EUR,1830,21,12,13
Europe,OWID_EUR,1831,21,12,13
Europe,OWID_EUR,1832,21,17,8
Europe,OWID_EUR,1833,21,17,8
Europe,OWID_EUR,1834,21,17,8
Europe,OWID_EUR,1835,21,17,8
Europe,OWID_EUR,1836,21,17,8
Europe,OWID_EUR,1837,21,17,8
Europe,OWID_EUR,1838,21,17,8
Europe,OWID_EUR,1839,21,17,8
Europe,OWID_EUR,1840,21,17,8
Europe,OWID_EUR,1841,21,17,8
Europe,OWID_EUR,1842,21,17,8
Europe,OWID_EUR,1843,21,17,8
Europe,OWID_EUR,1844,21,17,8
Europe,OWID_EUR,1845,21,17,8
Europe,OWID_EUR,1846,21,17,8
Europe,OWID_EUR,1847,21,17,8
Europe,OWID_EUR,1848,21,17,8
Europe,OWID_EUR,1849,21,17,8
Europe,OWID_EUR,1850,21,17,8
Europe,OWID_EUR,1851,21,17,8
Europe,OWID_EUR,1852,20,16,10
Europe,OWID_EUR,1853,20,16,10
Europe,OWID_EUR,1854,20,16,10
Europe,OWID_EUR,1855,20,16,10
Europe,OWID_EUR,1856,20,16,10
Europe,OWID_EUR,1857,20,16,10
Europe,OWID_EUR,1858,20,12,14
Europe,OWID_EUR,1859,20,12,14
Europe,OWID_EUR,1860,20,13,13
Europe,OWID_EUR,1861,19,14,13
Europe,OWID_EUR,1862,19,14,13
Europe,OWID_EUR,1863,19,14,13
Europe,OWID_EUR,1864,18,14,14
Europe,OWID_EUR,1865,17,14,15
Europe,OWID_EUR,1866,16,15,15
Europe,OWID_EUR,1867,16,15,15
Europe,OWID_EUR,1868,16,15,15
Europe,OWID_EUR,1869,15,16,15
Europe,OWID_EUR,1870,15,16,15
Europe,OWID_EUR,1871,15,17,14
Europe,OWID_EUR,1872,15,17,14
Europe,OWID_EUR,1873,15,17,14
Europe,OWID_EUR,1874,15,17,14
Europe,OWID_EUR,1875,14,18,14
Europe,OWID_EUR,1876,14,18,14
Europe,OWID_EUR,1877,14,18,14
Europe,OWID_EUR,1878,11,21,14
Europe,OWID_EUR,1879,11,21,14
Europe,OWID_EUR,1880,11,21,14
Europe,OWID_EUR,1881,11,21,14
Europe,OWID_EUR,1882,11,21,14
Europe,OWID_EUR,1883,11,21,14
Europe,OWID_EUR,1884,11,21,14
Europe,OWID_EUR,1885,11,21,14
Europe,OWID_EUR,1886,11,22,13
Europe,OWID_EUR,1887,11,22,13
Europe,OWID_EUR,1888,11,22,13
Europe,OWID_EUR,1889,10,23,13
Europe,OWID_EUR,1890,9,22,15
Europe,OWID_EUR,1891,9,22,15
Europe,OWID_EUR,1892,9,22,15
Europe,OWID_EUR,1893,9,22,15
Europe,OWID_EUR,1894,9,22,15
Europe,OWID_EUR,1895,9,22,15
Europe,OWID_EUR,1896,9,23,14
Europe,OWID_EUR,1897,9,23,14
Europe,OWID_EUR,1898,9,23,14
Europe,OWID_EUR,1899,9,23,14
Europe,OWID_EUR,1900,9,23,14
Europe,OWID_EUR,1901,9,23,14
Europe,OWID_EUR,1902,8,24,14
Europe,OWID_EUR,1903,8,24,14
Europe,OWID_EUR,1904,8,24,14
Europe,OWID_EUR,1905,8,24,14
Europe,OWID_EUR,1906,8,24,14
Europe,OWID_EUR,1907,8,24,14
Europe,OWID_EUR,1908,8,24,14
Europe,OWID_EUR,1909,8,24,14
Europe,OWID_EUR,1910,8,24,14
Europe,OWID_EUR,1911,8,24,14
Europe,OWID_EUR,1912,8,24,14
Europe,OWID_EUR,1913,8,24,14
Europe,OWID_EUR,1914,8,24,14
Europe,OWID_EUR,1915,8,24,14
Europe,OWID_EUR,1916,8,24,14
Europe,OWID_EUR,1917,7,23,16
Europe,OWID_EUR,1918,7,23,16
Europe,OWID_EUR,1919,7,23,16
Europe,OWID_EUR,1920,6,19,21
Europe,OWID_EUR,1921,6,19,21
Europe,OWID_EUR,1922,6,19,21
Europe,OWID_EUR,1923,6,19,21
Europe,OWID_EUR,1924,6,19,21
Europe,OWID_EUR,1925,6,19,21
Europe,OWID_EUR,1926,6,19,21
Europe,OWID_EUR,1927,6,19,21
Europe,OWID_EUR,1928,6,20,20
Europe,OWID_EUR,1929,2,26,18
Europe,OWID_EUR,1930,2,26,18
Europe,OWID_EUR,1931,2,26,18
Europe,OWID_EUR,1932,2,24,20
Europe,OWID_EUR,1933,2,23,21
Europe,OWID_EUR,1934,2,30,14
Europe,OWID_EUR,1935,2,30,14
Europe,OWID_EUR,1936,2,30,14
Europe,OWID_EUR,1937,2,31,13
Europe,OWID_EUR,1938,2,31,13
Europe,OWID_EUR,1939,2,32,12
Europe,OWID_EUR,1940,2,31,13
Europe,OWID_EUR,1941,2,31,13
Europe,OWID_EUR,1942,2,30,14
Europe,OWID_EUR,1943,2,30,14
Europe,OWID_EUR,1944,2,29,15
Europe,OWID_EUR,1945,2,29,15
Europe,OWID_EUR,1946,2,30,14
Europe,OWID_EUR,1947,2,30,14
Europe,OWID_EUR,1948,2,30,14
Europe,OWID_EUR,1949,2,30,14
Europe,OWID_EUR,1950,2,30,14
Europe,OWID_EUR,1951,1,30,15
Europe,OWID_EUR,1952,1,30,15
Europe,OWID_EUR,1953,1,30,15
Europe,OWID_EUR,1954,1,30,15
Europe,OWID_EUR,1955,1,30,15
Europe,OWID_EUR,1956,1,30,15
Europe,OWID_EUR,1957,1,30,15
Europe,OWID_EUR,1958,1,30,15
Europe,OWID_EUR,1959,1,30,15
Europe,OWID_EUR,1960,1,30,15
Europe,OWID_EUR,1961,1,29,16
Europe,OWID_EUR,1962,1,27,18
Europe,OWID_EUR,1963,1,27,18
Europe,OWID_EUR,1964,1,27,18
Europe,OWID_EUR,1965,1,27,18
Europe,OWID_EUR,1966,1,27,18
Europe,OWID_EUR,1967,1,27,18
Europe,OWID_EUR,1968,1,26,19
Europe,OWID_EUR,1969,1,25,20
Europe,OWID_EUR,1970,1,25,20
Europe,OWID_EUR,1971,1,23,22
Europe,OWID_EUR,1972,1,22,23
Europe,OWID_EUR,1973,1,21,24
Europe,OWID_EUR,1974,1,21,24
Europe,OWID_EUR,1975,1,22,23
Europe,OWID_EUR,1976,1,22,23
Europe,OWID_EUR,1977,1,19,26
Europe,OWID_EUR,1978,1,19,26
Europe,OWID_EUR,1979,1,18,27
Europe,OWID_EUR,1980,1,18,27
Europe,OWID_EUR,1981,1,18,27
Europe,OWID_EUR,1982,1,17,28
Europe,OWID_EUR,1983,1,16,29
Europe,OWID_EUR,1984,1,16,29
Europe,OWID_EUR,1985,1,16,29
Europe,OWID_EUR,1986,1,16,29
Europe,OWID_EUR,1987,1,16,29
Europe,OWID_EUR,1988,1,16,29
Europe,OWID_EUR,1989,0,16,30
Europe,OWID_EUR,1990,0,16,30
Europe,OWID_EUR,1991,0,15,31
Europe,OWID_EUR,1992,0,13,33
Europe,OWID_EUR,1993,0,10,36
Europe,OWID_EUR,1994,0,7,39
Europe,OWID_EUR,1995,0,5,41
Europe,OWID_EUR,1996,0,3,43
Europe,OWID_EUR,1997,0,3,43
Europe,OWID_EUR,1998,0,2,44
Europe,OWID_EUR,1999,0,2,44
Europe,OWID_EUR,2000,0,2,44
Europe,OWID_EUR,2001,0,1,45
Europe,OWID_EUR,2002,0,1,45
Europe,OWID_EUR,2003,0,1,45
Europe,OWID_EUR,2004,0,0,46
Europe,OWID_EUR,2005,0,0,46
Europe,OWID_EUR,2006,0,0,46
Europe,OWID_EUR,2007,0,0,46
Europe,OWID_EUR,2008,0,0,46
Europe,OWID_EUR,2009,0,0,46
Europe,OWID_EUR,2010,0,0,46
Europe,OWID_EUR,2011,0,0,46
Europe,OWID_EUR,2012,0,0,46
Europe,OWID_EUR,2013,0,0,46
Europe,OWID_EUR,2014,0,0,46
Europe,OWID_EUR,2015,0,0,46
Europe,OWID_EUR,2016,0,0,46
Europe,OWID_EUR,2017,0,0,46
Europe,OWID_EUR,2018,0,0,46
Europe,OWID_EUR,2019,0,0,46
Europe,OWID_EUR,2020,0,0,46
Europe,OWID_EUR,2021,0,0,46
Europe,OWID_EUR,2022,0,0,46
Europe,OWID_EUR,2023,0,0,46
Europe,OWID_EUR,2024,0,0,46
Europe,OWID_EUR,2025,0,0,46
North America,OWID_NAM,1760,13,10,0
North America,OWID_NAM,1761,13,10,0
North America,OWID_NAM,1762,13,10,0
North America,OWID_NAM,1763,13,10,0
North America,OWID_NAM,1764,13,10,0
North America,OWID_NAM,1765,13,10,0
North America,OWID_NAM,1766,13,10,0
North America,OWID_NAM,1767,13,10,0
North America,OWID_NAM,1768,13,10,0
North America,OWID_NAM,1769,13,10,0
North America,OWID_NAM,1770,13,10,0
North America,OWID_NAM,1771,13,10,0
North America,OWID_NAM,1772,13,10,0
North America,OWID_NAM,1773,13,10,0
North America,OWID_NAM,1774,13,10,0
North America,OWID_NAM,1775,13,10,0
North America,OWID_NAM,1776,13,10,0
North America,OWID_NAM,1777,13,10,0
North America,OWID_NAM,1778,13,10,0
North America,OWID_NAM,1779,13,10,0
North America,OWID_NAM,1780,13,10,0
North America,OWID_NAM,1781,13,10,0
North America,OWID_NAM,1782,13,10,0
North America,OWID_NAM,1783,13,10,0
North America,OWID_NAM,1784,13,10,0
North America,OWID_NAM,1785,13,10,0
North America,OWID_NAM,1786,13,10,0
North America,OWID_NAM,1787,13,10,0
North America,OWID_NAM,1788,13,10,0
North America,OWID_NAM,1789,13,10,0
North America,OWID_NAM,1790,13,10,0
North America,OWID_NAM,1791,12,10,1
North America,OWID_NAM,1792,12,10,1
North America,OWID_NAM,1793,12,10,1
North America,OWID_NAM,1794,12,10,1
North America,OWID_NAM,1795,12,10,1
North America,OWID_NAM,1796,12,10,1
North America,OWID_NAM,1797,12,10,1
North America,OWID_NAM,1798,12,10,1
North America,OWID_NAM,1799,12,10,1
North America,OWID_NAM,1800,12,10,1
North America,OWID_NAM,1801,12,10,1
North America,OWID_NAM,1802,12,10,1
North America,OWID_NAM,1803,12,10,1
North America,OWID_NAM,1804,12,10,1
North America,OWID_NAM,1805,12,10,1
North America,OWID_NAM,1806,12,10,1
North America,OWID_NAM,1807,12,10,1
North America,OWID_NAM,1808,12,10,1
North America,OWID_NAM,1809,12,10,1
North America,OWID_NAM,1810,12,10,1
North America,OWID_NAM,1811,12,10,1
North America,OWID_NAM,1812,12,10,1
North America,OWID_NAM,1813,12,10,1
North America,OWID_NAM,1814,12,10,1
North America,OWID_NAM,1815,12,10,1
North America,OWID_NAM,1816,12,10,1
North America,OWID_NAM,1817,12,10,1
North America,OWID_NAM,1818,12,10,1
North America,OWID_NAM,1819,12,10,1
North America,OWID_NAM,1820,12,10,1
North America,OWID_NAM,1821,12,10,1
North America,OWID_NAM,1822,12,8,3
North America,OWID_NAM,1823,12,8,3
North America,OWID_NAM,1824,12,8,3
North America,OWID_NAM,1825,12,8,3
North America,OWID_NAM,1826,12,8,3
North America,OWID_NAM,1827,12,8,3
North America,OWID_NAM,1828,12,8,3
North America,OWID_NAM,1829,12,8,3
North America,OWID_NAM,1830,12,8,3
North America,OWID_NAM,1831,12,8,3
North America,OWID_NAM,1832,12,8,3
North America,OWID_NAM,1833,12,8,3
North America,OWID_NAM,1834,12,8,3
North America,OWID_NAM,1835,12,8,3
North America,OWID_NAM,1836,12,8,3
North America,OWID_NAM,1837,12,8,3
North America,OWID_NAM,1838,12,8,3
North America,OWID_NAM,1839,12,8,3
North America,OWID_NAM,1840,12,8,3
North America,OWID_NAM,1841,12,8,3
North America,OWID_NAM,1842,12,8,3
North America,OWID_NAM,1843,12,8,3
North America,OWID_NAM,1844,12,8,3
North America,OWID_NAM,1845,12,8,3
North America,OWID_NAM,1846,12,8,3
North America,OWID_NAM,1847,12,8,3
North America,OWID_NAM,1848,12,8,3
North America,OWID_NAM,1849,12,8,3
North America,OWID_NAM,1850,12,8,3
North America,OWID_NAM,1851,12,8,3
North America,OWID_NAM,1852,12,8,3
North America,OWID_NAM,1853,12,8,3
North America,OWID_NAM,1854,12,8,3
North America,OWID_NAM,1855,12,8,3
North America,OWID_NAM,1856,12,8,3
North America,OWID_NAM,1857,12,8,3
North America,OWID_NAM,1858,12,8,3
North America,OWID_NAM,1859,12,8,3
North America,OWID_NAM,1860,12,8,3
North America,OWID_NAM,1861,11,9,3
North America,OWID_NAM,1862,11,9,3
North America,OWID_NAM,1863,11,9,3
North America,OWID_NAM,1864,10,10,3
North America,OWID_NAM,1865,10,10,3
North America,OWID_NAM,1866,10,10,3
North America,OWID_NAM,1867,10,10,3
North America,OWID_NAM,1868,10,10,3
North America,OWID_NAM,1869,10,10,3
North America,OWID_NAM,1870,10,10,3
North America,OWID_NAM,1871,10,9,4
North America,OWID_NAM,1872,10,8,5
North America,OWID_NAM,1873,9,9,5
North America,OWID_NAM,1874,9,9,5
North America,OWID_NAM,1875,9,9,5
North America,OWID_NAM,1876,9,9,5
North America,OWID_NAM,1877,9,9,5
North America,OWID_NAM,1878,9,9,5
North America,OWID_NAM,1879,9,9,5
North America,OWID_NAM,1880,9,9,5
North America,OWID_NAM,1881,9,9,5
North America,OWID_NAM,1882,9,9,5
North America,OWID_NAM,1883,9,9,5
North America,OWID_NAM,1884,9,9,5
North America,OWID_NAM,1885,9,9,5
North America,OWID_NAM,1886,9,9,5
North America,OWID_NAM,1887,9,9,5
North America,OWID_NAM,1888,8,10,5
North America,OWID_NAM,1889,8,10,5
North America,OWID_NAM,1890,8,10,5
North America,OWID_NAM,1891,8,10,5
North America,OWID_NAM,1892,8,10,5
North America,OWID_NAM,1893,8,10,5
North America,OWID_NAM,1894,8,10,5
North America,OWID_NAM,1895,8,10,5
North America,OWID_NAM,1896,8,10,5
North America,OWID_NAM,1897,7,11,5
North America,OWID_NAM,1898,7,11,5
North America,OWID_NAM,1899,7,10,6
North America,OWID_NAM,1900,7,10,6
North America,OWID_NAM,1901,7,10,6
North America,OWID_NAM,1902,7,10,6
North America,OWID_NAM,1903,7,10,6
North America,OWID_NAM,1904,7,10,6
North America,OWID_NAM,1905,7,10,6
North America,OWID_NAM,1906,7,10,6
North America,OWID_NAM,1907,7,10,6
North America,OWID_NAM,1908,7,10,6
North America,OWID_NAM,1909,7,10,6
North America,OWID_NAM,1910,7,10,6
North America,OWID_NAM,1911,7,10,6
North America,OWID_NAM,1912,7,10,6
North America,OWID_NAM,1913,7,10,6
North America,OWID_NAM,1914,7,10,6
North America,OWID_NAM,1915,7,10,6
North America,OWID_NAM,1916,7,10,6
North America,OWID_NAM,1917,7,10,6
North America,OWID_NAM,1918,7,10,6
North America,OWID_NAM,1919,7,10,6
North America,OWID_NAM,1920,7,10,6
North America,OWID_NAM,1921,7,10,6
North America,OWID_NAM,1922,7,10,6
North America,OWID_NAM,1923,7,10,6
North America,OWID_NAM,1924,7,10,6
North America,OWID_NAM,1925,7,10,6
North America,OWID_NAM,1926,7,10,6
North America,OWID_NAM,1927,7,10,6
North America,OWID_NAM,1928,7,10,6
North America,OWID_NAM,1929,7,10,6
North America,OWID_NAM,1930,7,10,6
North America,OWID_NAM,1931,7,10,6
North America,OWID_NAM,1932,7,10,6
North America,OWID_NAM,1933,7,10,6
North America,OWID_NAM,1934,7,10,6
North America,OWID_NAM,1935,7,10,6
North America,OWID_NAM,1936,7,10,6
North America,OWID_NAM,1937,7,10,6
North America,OWID_NAM,1938,7,10,6
North America,OWID_NAM,1939,7,10,6
North America,OWID_NAM,1940,7,10,6
North America,OWID_NAM,1941,7,10,6
North America,OWID_NAM,1942,7,10,6
North America,OWID_NAM,1943,7,10,6
North America,OWID_NAM,1944,7,10,6
North America,OWID_NAM,1945,7,10,6
North America,OWID_NAM,1946,7,10,6
North America,OWID_NAM,1947,7,10,6
North America,OWID_NAM,1948,7,10,6
North America,OWID_NAM,1949,6,11,6
North America,OWID_NAM,1950,6,11,6
North America,OWID_NAM,1951,6,11,6
North America,OWID_NAM,1952,6,11,6
North America,OWID_NAM,1953,6,11,6
North America,OWID_NAM,1954,6,11,6
North America,OWID_NAM,1955,6,11,6
North America,OWID_NAM,1956,6,11,6
North America,OWID_NAM,1957,6,11,6
North America,OWID_NAM,1958,6,11,6
North America,OWID_NAM,1959,6,11,6
North America,OWID_NAM,1960,6,11,6
North America,OWID_NAM,1961,6,11,6
North America,OWID_NAM,1962,6,11,6
North America,OWID_NAM,1963,6,11,6
North America,OWID_NAM,1964,6,11,6
North America,OWID_NAM,1965,6,11,6
North America,OWID_NAM,1966,6,11,6
North America,OWID_NAM,1967,6,11,6
North America,OWID_NAM,1968,6,11,6
North America,OWID_NAM,1969,6,10,7
North America,OWID_NAM,1970,6,10,7
North America,OWID_NAM,1971,6,9,8
North America,OWID_NAM,1972,6,9,8
North America,OWID_NAM,1973,6,9,8
North America,OWID_NAM,1974,6,9,8
North America,OWID_NAM,1975,6,9,8
North America,OWID_NAM,1976,6,9,8
North America,OWID_NAM,1977,6,9,8
North America,OWID_NAM,1978,6,9,8
North America,OWID_NAM,1979,6,8,9
North America,OWID_NAM,1980,6,8,9
North America,OWID_NAM,1981,6,8,9
North America,OWID_NAM,1982,6,8,9
North America,OWID_NAM,1983,6,8,9
North America,OWID_NAM,1984,6,8,9
North America,OWID_NAM,1985,6,8,9
North America,OWID_NAM,1986,6,8,9
North America,OWID_NAM,1987,6,8,9
North America,OWID_NAM,1988,5,9,9
North America,OWID_NAM,1989,5,9,9
North America,OWID_NAM,1990,5,9,9
North America,OWID_NAM,1991,4,9,10
North America,OWID_NAM,1992,3,10,10
North America,OWID_NAM,1993,3,10,10
North America,OWID_NAM,1994,3,10,10
North America,OWID_NAM,1995,2,11,10
North America,OWID_NAM,1996,2,11,10
North America,OWID_NAM,1997,2,11,10
North America,OWID_NAM,1998,1,12,10
North America,OWID_NAM,1999,1,12,10
North America,OWID_NAM,2000,1,12,10
North America,OWID_NAM,2001,1,12,10
North America,OWID_NAM,2002,1,12,10
North America,OWID_NAM,2003,1,11,11
North America,OWID_NAM,2004,1,11,11
North America,OWID_NAM,2005,0,12,11
North America,OWID_NAM,2006,0,12,11
North America,OWID_NAM,2007,0,12,11
North America,OWID_NAM,2008,0,10,13
North America,OWID_NAM,2009,0,10,13
North America,OWID_NAM,2010,0,10,13
North America,OWID_NAM,2011,0,10,13
North America,OWID_NAM,2012,0,10,13
North America,OWID_NAM,2013,0,10,13
North America,OWID_NAM,2014,0,10,13
North America,OWID_NAM,2015,0,10,13
North America,OWID_NAM,2016,0,9,14
North America,OWID_NAM,2017,0,9,14
North America,OWID_NAM,2018,0,8,15
North America,OWID_NAM,2019,0,8,15
North America,OWID_NAM,2020,0,8,15
North America,OWID_NAM,2021,0,8,15
North America,OWID_NAM,2022,0,6,17
North America,OWID_NAM,2023,0,6,17
North America,OWID_NAM,2024,0,5,18
North America,OWID_NAM,2025,0,6,17
Oceania,OWID_OCE,1760,17,0,0
Oceania,OWID_OCE,1761,17,0,0
Oceania,OWID_OCE,1762,17,0,0
Oceania,OWID_OCE,1763,17,0,0
Oceania,OWID_OCE,1764,17,0,0
Oceania,OWID_OCE,1765,17,0,0
Oceania,OWID_OCE,1766,17,0,0
Oceania,OWID_OCE,1767,17,0,0
Oceania,OWID_OCE,1768,17,0,0
Oceania,OWID_OCE,1769,17,0,0
Oceania,OWID_OCE,1770,17,0,0
Oceania,OWID_OCE,1771,17,0,0
Oceania,OWID_OCE,1772,17,0,0
Oceania,OWID_OCE,1773,17,0,0
Oceania,OWID_OCE,1774,17,0,0
Oceania,OWID_OCE,1775,17,0,0
Oceania,OWID_OCE,1776,17,0,0
Oceania,OWID_OCE,1777,17,0,0
Oceania,OWID_OCE,1778,17,0,0
Oceania,OWID_OCE,1779,17,0,0
Oceania,OWID_OCE,1780,17,0,0
Oceania,OWID_OCE,1781,17,0,0
Oceania,OWID_OCE,1782,17,0,0
Oceania,OWID_OCE,1783,17,0,0
Oceania,OWID_OCE,1784,17,0,0
Oceania,OWID_OCE,1785,17,0,0
Oceania,OWID_OCE,1786,17,0,0
Oceania,OWID_OCE,1787,17,0,0
Oceania,OWID_OCE,1788,16,1,0
Oceania,OWID_OCE,1789,16,1,0
Oceania,OWID_OCE,1790,16,1,0
Oceania,OWID_OCE,1791,16,1,0
Oceania,OWID_OCE,1792,16,1,0
Oceania,OWID_OCE,1793,16,1,0
Oceania,OWID_OCE,1794,16,1,0
Oceania,OWID_OCE,1795,16,1,0
Oceania,OWID_OCE,1796,16,1,0
Oceania,OWID_OCE,1797,16,1,0
Oceania,OWID_OCE,1798,16,1,0
Oceania,OWID_OCE,1799,16,1,0
Oceania,OWID_OCE,1800,16,1,0
Oceania,OWID_OCE,1801,16,1,0
Oceania,OWID_OCE,1802,16,1,0
Oceania,OWID_OCE,1803,16,1,0
Oceania,OWID_OCE,1804,16,1,0
Oceania,OWID_OCE,1805,16,1,0
Oceania,OWID_OCE,1806,16,1,0
Oceania,OWID_OCE,1807,16,1,0
Oceania,OWID_OCE,1808,16,1,0
Oceania,OWID_OCE,1809,16,1,0
Oceania,OWID_OCE,1810,16,1,0
Oceania,OWID_OCE,1811,16,1,0
Oceania,OWID_OCE,1812,16,1,0
Oceania,OWID_OCE,1813,16,1,0
Oceania,OWID_OCE,1814,16,1,0
Oceania,OWID_OCE,1815,16,1,0
Oceania,OWID_OCE,1816,16,1,0
Oceania,OWID_OCE,1817,16,1,0
Oceania,OWID_OCE,1818,16,1,0
Oceania,OWID_OCE,1819,16,1,0
Oceania,OWID_OCE,1820,16,1,0
Oceania,OWID_OCE,1821,16,1,0
Oceania,OWID_OCE,1822,16,1,0
Oceania,OWID_OCE,1823,16,1,0
Oceania,OWID_OCE,1824,16,1,0
Oceania,OWID_OCE,1825,16,1,0
Oceania,OWID_OCE,1826,16,1,0
Oceania,OWID_OCE,1827,16,1,0
Oceania,OWID_OCE,1828,16,1,0
Oceania,OWID_OCE,1829,16,1,0
Oceania,OWID_OCE,1830,16,1,0
Oceania,OWID_OCE,1831,16,1,0
Oceania,OWID_OCE,1832,16,1,0
Oceania,OWID_OCE,1833,16,1,0
Oceania,OWID_OCE,1834,16,1,0
Oceania,OWID_OCE,1835,16,1,0
Oceania,OWID_OCE,1836,16,1,0
Oceania,OWID_OCE,1837,16,1,0
Oceania,OWID_OCE,1838,16,1,0
Oceania,OWID_OCE,1839,16,1,0
Oceania,OWID_OCE,1840,15,2,0
Oceania,OWID_OCE,1841,15,2,0
Oceania,OWID_OCE,1842,15,2,0
Oceania,OWID_OCE,1843,15,2,0
Oceania,OWID_OCE,1844,15,2,0
Oceania,OWID_OCE,1845,15,2,0
Oceania,OWID_OCE,1846,15,2,0
Oceania,OWID_OCE,1847,15,2,0
Oceania,OWID_OCE,1848,15,2,0
Oceania,OWID_OCE,1849,15,2,0
Oceania,OWID_OCE,1850,15,2,0
Oceania,OWID_OCE,1851,15,2,0
Oceania,OWID_OCE,1852,15,2,0
Oceania,OWID_OCE,1853,15,2,0
Oceania,OWID_OCE,1854,15,2,0
Oceania,OWID_OCE,1855,15,2,0
Oceania,OWID_OCE,1856,15,2,0
Oceania,OWID_OCE,1857,15,2,0
Oceania,OWID_OCE,1858,15,2,0
Oceania,OWID_OCE,1859,15,2,0
Oceania,OWID_OCE,1860,15,2,0
Oceania,OWID_OCE,1861,15,2,0
Oceania,OWID_OCE,1862,15,2,0
Oceania,OWID_OCE,1863,15,2,0
Oceania,OWID_OCE,1864,15,2,0
Oceania,OWID_OCE,1865,15,2,0
Oceania,OWID_OCE,1866,15,2,0
Oceania,OWID_OCE,1867,15,2,0
Oceania,OWID_OCE,1868,15,2,0
Oceania,OWID_OCE,1869,15,2,0
Oceania,OWID_OCE,1870,15,2,0
Oceania,OWID_OCE,1871,15,2,0
Oceania,OWID_OCE,1872,15,2,0
Oceania,OWID_OCE,1873,15,2,0
Oceania,OWID_OCE,1874,15,2,0
Oceania,OWID_OCE,1875,15,2,0
Oceania,OWID_OCE,1876,15,2,0
Oceania,OWID_OCE,1877,15,2,0
Oceania,OWID_OCE,1878,15,2,0
Oceania,OWID_OCE,1879,15,2,0
Oceania,OWID_OCE,1880,15,2,0
Oceania,OWID_OCE,1881,15,2,0
Oceania,OWID_OCE,1882,15,2,0
Oceania,OWID_OCE,1883,15,2,0
Oceania,OWID_OCE,1884,15,2,0
Oceania,OWID_OCE,1885,15,2,0
Oceania,OWID_OCE,1886,15,2,0
Oceania,OWID_OCE,1887,15,2,0
Oceania,OWID_OCE,1888,14,3,0
Oceania,OWID_OCE,1889,14,3,0
Oceania,OWID_OCE,1890,14,3,0
Oceania,OWID_OCE,1891,14,3,0
Oceania,OWID_OCE,1892,14,3,0
Oceania,OWID_OCE,1893,14,3,0
Oceania,OWID_OCE,1894,14,3,0
Oceania,OWID_OCE,1895,14,3,0
Oceania,OWID_OCE,1896,14,3,0
Oceania,OWID_OCE,1897,14,3,0
Oceania,OWID_OCE,1898,14,3,0
Oceania,OWID_OCE,1899,14,3,0
Oceania,OWID_OCE,1900,14,3,0
Oceania,OWID_OCE,1901,14,3,0
Oceania,OWID_OCE,1902,14,3,0
Oceania,OWID_OCE,1903,14,3,0
Oceania,OWID_OCE,1904,14,3,0
Oceania,OWID_OCE,1905,14,3,0
Oceania,OWID_OCE,1906,14,3,0
Oceania,OWID_OCE,1907,14,3,0
Oceania,OWID_OCE,1908,14,3,0
Oceania,OWID_OCE,1909,14,3,0
Oceania,OWID_OCE,1910,14,3,0
Oceania,OWID_OCE,1911,14,3,0
Oceania,OWID_OCE,1912,14,3,0
Oceania,OWID_OCE,1913,14,3,0
Oceania,OWID_OCE,1914,14,3,0
Oceania,OWID_OCE,1915,14,3,0
Oceania,OWID_OCE,1916,14,3,0
Oceania,OWID_OCE,1917,14,3,0
Oceania,OWID_OCE,1918,14,3,0
Oceania,OWID_OCE,1919,14,3,0
Oceania,OWID_OCE,1920,14,3,0
Oceania,OWID_OCE,1921,13,4,0
Oceania,OWID_OCE,1922,13,4,0
Oceania,OWID_OCE,1923,13,4,0
Oceania,OWID_OCE,1924,13,4,0
Oceania,OWID_OCE,1925,13,4,0
Oceania,OWID_OCE,1926,13,4,0
Oceania,OWID_OCE,1927,13,4,0
Oceania,OWID_OCE,1928,13,4,0
Oceania,OWID_OCE,1929,13,4,0
Oceania,OWID_OCE,1930,13,4,0
Oceania,OWID_OCE,1931,13,4,0
Oceania,OWID_OCE,1932,13,4,0
Oceania,OWID_OCE,1933,13,4,0
Oceania,OWID_OCE,1934,13,4,0
Oceania,OWID_OCE,1935,13,4,0
Oceania,OWID_OCE,1936,13,4,0
Oceania,OWID_OCE,1937,13,4,0
Oceania,OWID_OCE,1938,13,4,0
Oceania,OWID_OCE,1939,13,4,0
Oceania,OWID_OCE,1940,13,4,0
Oceania,OWID_OCE,1941,13,4,0
Oceania,OWID_OCE,1942,13,4,0
Oceania,OWID_OCE,1943,13,4,0
Oceania,OWID_OCE,1944,13,4,0
Oceania,OWID_OCE,1945,12,5,0
Oceania,OWID_OCE,1946,12,5,0
Oceania,OWID_OCE,1947,12,5,0
Oceania,OWID_OCE,1948,12,5,0
Oceania,OWID_OCE,1949,12,5,0
Oceania,OWID_OCE,1950,12,5,0
Oceania,OWID_OCE,1951,12,5,0
Oceania,OWID_OCE,1952,12,5,0
Oceania,OWID_OCE,1953,12,5,0
Oceania,OWID_OCE,1954,12,5,0
Oceania,OWID_OCE,1955,12,5,0
Oceania,OWID_OCE,1956,12,5,0
Oceania,OWID_OCE,1957,12,5,0
Oceania,OWID_OCE,1958,12,5,0
Oceania,OWID_OCE,1959,12,5,0
Oceania,OWID_OCE,1960,12,5,0
Oceania,OWID_OCE,1961,12,5,0
Oceania,OWID_OCE,1962,12,5,0
Oceania,OWID_OCE,1963,11,6,0
Oceania,OWID_OCE,1964,11,6,0
Oceania,OWID_OCE,1965,11,6,0
Oceania,OWID_OCE,1966,11,6,0
Oceania,OWID_OCE,1967,11,6,0
Oceania,OWID_OCE,1968,11,6,0
Oceania,OWID_OCE,1969,10,7,0
Oceania,OWID_OCE,1970,10,7,0
Oceania,OWID_OCE,1971,10,7,0
Oceania,OWID_OCE,1972,10,7,0
Oceania,OWID_OCE,1973,10,7,0
Oceania,OWID_OCE,1974,10,7,0
Oceania,OWID_OCE,1975,10,7,0
Oceania,OWID_OCE,1976,10,7,0
Oceania,OWID_OCE,1977,9,8,0
Oceania,OWID_OCE,1978,8,9,0
Oceania,OWID_OCE,1979,8,9,0
Oceania,OWID_OCE,1980,8,9,0
Oceania,OWID_OCE,1981,7,9,1
Oceania,OWID_OCE,1982,6,9,2
Oceania,OWID_OCE,1983,6,9,2
Oceania,OWID_OCE,1984,6,9,2
Oceania,OWID_OCE,1985,6,9,2
Oceania,OWID_OCE,1986,6,8,3
Oceania,OWID_OCE,1987,6,8,3
Oceania,OWID_OCE,1988,5,9,3
Oceania,OWID_OCE,1989,5,9,3
Oceania,OWID_OCE,1990,5,9,3
Oceania,OWID_OCE,1991,5,9,3
Oceania,OWID_OCE,1992,5,9,3
Oceania,OWID_OCE,1993,5,9,3
Oceania,OWID_OCE,1994,5,9,3
Oceania,OWID_OCE,1995,5,9,3
Oceania,OWID_OCE,1996,5,9,3
Oceania,OWID_OCE,1997,5,8,4
Oceania,OWID_OCE,1998,5,8,4
Oceania,OWID_OCE,1999,5,8,4
Oceania,OWID_OCE,2000,5,8,4
Oceania,OWID_OCE,2001,5,8,4
Oceania,OWID_OCE,2002,5,8,4
Oceania,OWID_OCE,2003,5,8,4
Oceania,OWID_OCE,2004,5,8,4
Oceania,OWID_OCE,2005,4,8,5
Oceania,OWID_OCE,2006,4,8,5
Oceania,OWID_OCE,2007,2,8,7
Oceania,OWID_OCE,2008,2,8,7
Oceania,OWID_OCE,2009,2,8,7
Oceania,OWID_OCE,2010,2,7,8
Oceania,OWID_OCE,2011,2,7,8
Oceania,OWID_OCE,2012,2,7,8
Oceania,OWID_OCE,2013,1,8,8
Oceania,OWID_OCE,2014,0,8,9
Oceania,OWID_OCE,2015,0,8,9
Oceania,OWID_OCE,2016,0,7,10
Oceania,OWID_OCE,2017,0,7,10
Oceania,OWID_OCE,2018,0,7,10
Oceania,OWID_OCE,2019,0,7,10
Oceania,OWID_OCE,2020,0,7,10
Oceania,OWID_OCE,2021,0,7,10
Oceania,OWID_OCE,2022,0,7,10
Oceania,OWID_OCE,2023,0,6,11
Oceania,OWID_OCE,2024,0,6,11
Oceania,OWID_OCE,2025,0,6,11
South America,OWID_SAM,1760,2,10,0
South America,OWID_SAM,1761,2,10,0
South America,OWID_SAM,1762,2,10,0
South America,OWID_SAM,1763,2,10,0
South America,OWID_SAM,1764,2,10,0
South America,OWID_SAM,1765,2,10,0
South America,OWID_SAM,1766,2,10,0
South America,OWID_SAM,1767,2,10,0
South America,OWID_SAM,1768,2,10,0
South America,OWID_SAM,1769,2,10,0
South America,OWID_SAM,1770,2,10,0
South America,OWID_SAM,1771,2,10,0
South America,OWID_SAM,1772,2,10,0
South America,OWID_SAM,1773,2,10,0
South America,OWID_SAM,1774,2,10,0
South America,OWID_SAM,1775,2,10,0
South America,OWID_SAM,1776,2,10,0
South America,OWID_SAM,1777,2,10,0
South America,OWID_SAM,1778,2,10,0
South America,OWID_SAM,1779,2,10,0
South America,OWID_SAM,1780,2,10,0
South America,OWID_SAM,1781,2,10,0
South America,OWID_SAM,1782,2,10,0
South America,OWID_SAM,1783,2,10,0
South America,OWID_SAM,1784,2,10,0
South America,OWID_SAM,1785,2,10,0
South America,OWID_SAM,1786,2,10,0
South America,OWID_SAM,1787,2,10,0
South America,OWID_SAM,1788,2,10,0
South America,OWID_SAM,1789,2,10,0
South America,OWID_SAM,1790,2,10,0
South America,OWID_SAM,1791,2,10,0
South America,OWID_SAM,1792,2,10,0
South America,OWID_SAM,1793,2,10,0
South America,OWID_SAM,1794,2,10,0
South America,OWID_SAM,1795,2,10,0
South America,OWID_SAM,1796,2,10,0
South America,OWID_SAM,1797,2,10,0
South America,OWID_SAM,1798,2,10,0
South America,OWID_SAM,1799,2,10,0
South America,OWID_SAM,1800,2,10,0
South America,OWID_SAM,1801,2,10,0
South America,OWID_SAM,1802,2,10,0
South America,OWID_SAM,1803,2,10,0
South America,OWID_SAM,1804,2,10,0
South America,OWID_SAM,1805,2,10,0
South America,OWID_SAM,1806,2,10,0
South America,OWID_SAM,1807,2,10,0
South America,OWID_SAM,1808,2,10,0
South America,OWID_SAM,1809,2,10,0
South America,OWID_SAM,1810,2,10,0
South America,OWID_SAM,1811,2,10,0
South America,OWID_SAM,1812,2,10,0
South America,OWID_SAM,1813,2,10,0
South America,OWID_SAM,1814,2,10,0
South America,OWID_SAM,1815,2,10,0
South America,OWID_SAM,1816,2,10,0
South America,OWID_SAM,1817,2,10,0
South America,OWID_SAM,1818,2,10,0
South America,OWID_SAM,1819,2,10,0
South America,OWID_SAM,1820,2,10,0
South America,OWID_SAM,1821,2,10,0
South America,OWID_SAM,1822,2,10,0
South America,OWID_SAM,1823,2,10,0
South America,OWID_SAM,1824,2,10,0
South America,OWID_SAM,1825,2,10,0
South America,OWID_SAM,1826,2,10,0
South America,OWID_SAM,1827,2,10,0
South America,OWID_SAM,1828,2,10,0
South America,OWID_SAM,1829,2,10,0
South America,OWID_SAM,1830,2,10,0
South America,OWID_SAM,1831,2,9,1
South America,OWID_SAM,1832,2,8,2
South America,OWID_SAM,1833,2,8,2
South America,OWID_SAM,1834,2,8,2
South America,OWID_SAM,1835,2,8,2
South America,OWID_SAM,1836,2,7,3
South America,OWID_SAM,1837,2,6,4
South America,OWID_SAM,1838,2,6,4
South America,OWID_SAM,1839,2,6,4
South America,OWID_SAM,1840,2,6,4
South America,OWID_SAM,1841,2,6,4
South America,OWID_SAM,1842,2,6,4
South America,OWID_SAM,1843,2,6,4
South America,OWID_SAM,1844,2,6,4
South America,OWID_SAM,1845,2,6,4
South America,OWID_SAM,1846,2,6,4
South America,OWID_SAM,1847,2,6,4
South America,OWID_SAM,1848,2,6,4
South America,OWID_SAM,1849,2,6,4
South America,OWID_SAM,1850,2,6,4
South America,OWID_SAM,1851,2,6,4
South America,OWID_SAM,1852,2,6,4
South America,OWID_SAM,1853,2,6,4
South America,OWID_SAM,1854,2,6,4
South America,OWID_SAM,1855,2,6,4
South America,OWID_SAM,1856,2,6,4
South America,OWID_SAM,1857,2,6,4
South America,OWID_SAM,1858,2,6,4
South America,OWID_SAM,1859,2,6,4
South America,OWID_SAM,1860,2,6,4
South America,OWID_SAM,1861,2,6,4
South America,OWID_SAM,1862,2,6,4
South America,OWID_SAM,1863,2,7,3
South America,OWID_SAM,1864,2,7,3
South America,OWID_SAM,1865,2,7,3
South America,OWID_SAM,1866,2,7,3
South America,OWID_SAM,1867,2,7,3
South America,OWID_SAM,1868,2,7,3
South America,OWID_SAM,1869,1,7,4
South America,OWID_SAM,1870,1,7,4
South America,OWID_SAM,1871,1,7,4
South America,OWID_SAM,1872,1,7,4
South America,OWID_SAM,1873,1,7,4
South America,OWID_SAM,1874,1,7,4
South America,OWID_SAM,1875,1,7,4
South America,OWID_SAM,1876,1,7,4
South America,OWID_SAM,1877,1,7,4
South America,OWID_SAM,1878,1,7,4
South America,OWID_SAM,1879,1,7,4
South America,OWID_SAM,1880,1,6,5
South America,OWID_SAM,1881,1,6,5
South America,OWID_SAM,1882,1,6,5
South America,OWID_SAM,1883,1,6,5
South America,OWID_SAM,1884,1,6,5
South America,OWID_SAM,1885,1,6,5
South America,OWID_SAM,1886,1,6,5
South America,OWID_SAM,1887,1,5,6
South America,OWID_SAM,1888,1,5,6
South America,OWID_SAM,1889,1,5,6
South America,OWID_SAM,1890,1,5,6
South America,OWID_SAM,1891,1,5,6
South America,OWID_SAM,1892,1,5,6
South America,OWID_SAM,1893,0,6,6
South America,OWID_SAM,1894,0,6,6
South America,OWID_SAM,1895,0,6,6
South America,OWID_SAM,1896,0,6,6
South America,OWID_SAM,1897,0,6,6
South America,OWID_SAM,1898,0,6,6
South America,OWID_SAM,1899,0,6,6
South America,OWID_SAM,1900,0,6,6
South America,OWID_SAM,1901,0,6,6
South America,OWID_SAM,1902,0,6,6
South America,OWID_SAM,1903,0,6,6
South America,OWID_SAM,1904,0,6,6
South America,OWID_SAM,1905,0,6,6
South America,OWID_SAM,1906,0,6,6
South America,OWID_SAM,1907,0,6,6
South America,OWID_SAM,1908,0,6,6
South America,OWID_SAM,1909,0,6,6
South America,OWID_SAM,1910,0,6,6
South America,OWID_SAM,1911,0,6,6
South America,OWID_SAM,1912,0,6,6
South America,OWID_SAM,1913,0,6,6
South America,OWID_SAM,1914,0,6,6
South America,OWID_SAM,1915,0,6,6
South America,OWID_SAM,1916,0,6,6
South America,OWID_SAM,1917,0,6,6
South America,OWID_SAM,1918,0,6,6
South America,OWID_SAM,1919,0,6,6
South America,OWID_SAM,1920,0,6,6
South America,OWID_SAM,1921,0,6,6
South America,OWID_SAM,1922,0,6,6
South America,OWID_SAM,1923,0,6,6
South America,OWID_SAM,1924,0,5,7
South America,OWID_SAM,1925,0,5,7
South America,OWID_SAM,1926,0,5,7
South America,OWID_SAM,1927,0,5,7
South America,OWID_SAM,1928,0,5,7
South America,OWID_SAM,1929,0,5,7
South America,OWID_SAM,1930,0,5,7
South America,OWID_SAM,1931,0,5,7
South America,OWID_SAM,1932,0,5,7
South America,OWID_SAM,1933,0,5,7
South America,OWID_SAM,1934,0,4,8
South America,OWID_SAM,1935,0,4,8
South America,OWID_SAM,1936,0,4,8
South America,OWID_SAM,1937,0,4,8
South America,OWID_SAM,1938,0,4,8
South America,OWID_SAM,1939,0,4,8
South America,OWID_SAM,1940,0,4,8
South America,OWID_SAM,1941,0,4,8
South America,OWID_SAM,1942,0,4,8
South America,OWID_SAM,1943,0,4,8
South America,OWID_SAM,1944,0,4,8
South America,OWID_SAM,1945,0,4,8
South America,OWID_SAM,1946,0,4,8
South America,OWID_SAM,1947,0,4,8
South America,OWID_SAM,1948,0,4,8
South America,OWID_SAM,1949,0,4,8
South America,OWID_SAM,1950,0,4,8
South America,OWID_SAM,1951,0,4,8
South America,OWID_SAM,1952,0,4,8
South America,OWID_SAM,1953,0,4,8
South America,OWID_SAM,1954,0,4,8
South America,OWID_SAM,1955,0,4,8
South America,OWID_SAM,1956,0,4,8
South America,OWID_SAM,1957,0,4,8
South America,OWID_SAM,1958,0,4,8
South America,OWID_SAM,1959,0,4,8
South America,OWID_SAM,1960,0,4,8
South America,OWID_SAM,1961,0,4,8
South America,OWID_SAM,1962,0,4,8
South America,OWID_SAM,1963,0,4,8
South America,OWID_SAM,1964,0,4,8
South America,OWID_SAM,1965,0,4,8
South America,OWID_SAM,1966,0,4,8
South America,OWID_SAM,1967,0,4,8
South America,OWID_SAM,1968,0,4,8
South America,OWID_SAM,1969,0,4,8
South America,OWID_SAM,1970,0,4,8
South America,OWID_SAM,1971,0,4,8
South America,OWID_SAM,1972,0,4,8
South America,OWID_SAM,1973,0,4,8
South America,OWID_SAM,1974,0,4,8
South America,OWID_SAM,1975,0,4,8
South America,OWID_SAM,1976,0,4,8
South America,OWID_SAM,1977,0,4,8
South America,OWID_SAM,1978,0,4,8
South America,OWID_SAM,1979,0,4,8
South America,OWID_SAM,1980,0,4,8
South America,OWID_SAM,1981,0,3,9
South America,OWID_SAM,1982,0,3,9
South America,OWID_SAM,1983,0,3,9
South America,OWID_SAM,1984,0,3,9
South America,OWID_SAM,1985,0,3,9
South America,OWID_SAM,1986,0,3,9
South America,OWID_SAM,1987,0,3,9
South America,OWID_SAM,1988,0,3,9
South America,OWID_SAM,1989,0,3,9
South America,OWID_SAM,1990,0,3,9
South America,OWID_SAM,1991,0,3,9
South America,OWID_SAM,1992,0,3,9
South America,OWID_SAM,1993,0,3,9
South America,OWID_SAM,1994,0,3,9
South America,OWID_SAM,1995,0,3,9
South America,OWID_SAM,1996,0,3,9
South America,OWID_SAM,1997,0,2,10
South America,OWID_SAM,1998,0,2,10
South America,OWID_SAM,1999,0,1,11
South America,OWID_SAM,2000,0,1,11
South America,OWID_SAM,2001,0,1,11
South America,OWID_SAM,2002,0,1,11
South America,OWID_SAM,2003,0,1,11
South America,OWID_SAM,2004,0,1,11
South America,OWID_SAM,2005,0,1,11
South America,OWID_SAM,2006,0,1,11
South America,OWID_SAM,2007,0,1,11
South America,OWID_SAM,2008,0,1,11
South America,OWID_SAM,2009,0,1,11
South America,OWID_SAM,2010,0,1,11
South America,OWID_SAM,2011,0,1,11
South America,OWID_SAM,2012,0,1,11
South America,OWID_SAM,2013,0,1,11
South America,OWID_SAM,2014,0,1,11
South America,OWID_SAM,2015,0,1,11
South America,OWID_SAM,2016,0,1,11
South America,OWID_SAM,2017,0,1,11
South America,OWID_SAM,2018,0,1,11
South America,OWID_SAM,2019,0,1,11
South America,OWID_SAM,2020,0,1,11
South America,OWID_SAM,2021,0,1,11
South America,OWID_SAM,2022,0,1,11
South America,OWID_SAM,2023,0,1,11
South America,OWID_SAM,2024,0,1,11
South America,OWID_SAM,2025,0,1,11
World,OWID_WRL,1760,137,46,19
World,OWID_WRL,1761,137,46,19
World,OWID_WRL,1762,137,46,19
World,OWID_WRL,1763,137,46,19
World,OWID_WRL,1764,137,46,19
World,OWID_WRL,1765,137,46,19
World,OWID_WRL,1766,137,46,19
World,OWID_WRL,1767,137,46,19
World,OWID_WRL,1768,135,48,19
World,OWID_WRL,1769,135,48,19
World,OWID_WRL,1770,135,48,19
World,OWID_WRL,1771,135,48,19
World,OWID_WRL,1772,135,48,19
World,OWID_WRL,1773,135,48,19
World,OWID_WRL,1774,135,48,19
World,OWID_WRL,1775,135,48,19
World,OWID_WRL,1776,135,48,19
World,OWID_WRL,1777,135,48,19
World,OWID_WRL,1778,135,48,19
World,OWID_WRL,1779,135,48,19
World,OWID_WRL,1780,135,48,19
World,OWID_WRL,1781,135,48,19
World,OWID_WRL,1782,135,48,19
World,OWID_WRL,1783,135,48,19
World,OWID_WRL,1784,135,48,19
World,OWID_WRL,1785,135,48,19
World,OWID_WRL,1786,135,48,19
World,OWID_WRL,1787,135,48,19
World,OWID_WRL,1788,134,49,19
World,OWID_WRL,1789,134,49,19
World,OWID_WRL,1790,134,49,19
World,OWID_WRL,1791,132,48,22
World,OWID_WRL,1792,132,48,22
World,OWID_WRL,1793,131,48,23
World,OWID_WRL,1794,130,49,23
World,OWID_WRL,1795,128,49,25
World,OWID_WRL,1796,128,49,25
World,OWID_WRL,1797,128,49,25
World,OWID_WRL,1798,128,49,25
World,OWID_WRL,1799,128,49,25
World,OWID_WRL,1800,128,49,25
World,OWID_WRL,1801,128,49,25
World,OWID_WRL,1802,128,49,25
World,OWID_WRL,1803,128,49,25
World,OWID_WRL,1804,128,49,25
World,OWID_WRL,1805,128,49,25
World,OWID_WRL,1806,128,49,25
World,OWID_WRL,1807,128,49,25
World,OWID_WRL,1808,128,49,25
World,OWID_WRL,1809,128,49,25
World,OWID_WRL,1810,128,49,25
World,OWID_WRL,1811,128,48,26
World,OWID_WRL,1812,128,48,26
World,OWID_WRL,1813,128,47,27
World,OWID_WRL,1814,128,47,27
World,OWID_WRL,1815,127,48,27
World,OWID_WRL,1816,127,48,27
World,OWID_WRL,1817,127,48,27
World,OWID_WRL,1818,127,48,27
World,OWID_WRL,1819,127,48,27
World,OWID_WRL,1820,127,48,27
World,OWID_WRL,1821,127,48,27
World,OWID_WRL,1822,127,44,31
World,OWID_WRL,1823,127,44,31
World,OWID_WRL,1824,127,44,31
World,OWID_WRL,1825,127,44,31
World,OWID_WRL,1826,127,44,31
World,OWID_WRL,1827,127,44,31
World,OWID_WRL,1828,127,44,31
World,OWID_WRL,1829,127,44,31
World,OWID_WRL,1830,127,44,31
World,OWID_WRL,1831,127,43,32
World,OWID_WRL,1832,127,55,20
World,OWID_WRL,1833,127,55,20
World,OWID_WRL,1834,127,55,20
World,OWID_WRL,1835,127,55,20
World,OWID_WRL,1836,127,54,21
World,OWID_WRL,1837,127,53,22
World,OWID_WRL,1838,126,54,22
World,OWID_WRL,1839,126,54,22
World,OWID_WRL,1840,125,55,22
World,OWID_WRL,1841,125,55,22
World,OWID_WRL,1842,125,55,22
World,OWID_WRL,1843,125,55,22
World,OWID_WRL,1844,125,55,22
World,OWID_WRL,1845,125,55,22
World,OWID_WRL,1846,125,55,22
World,OWID_WRL,1847,125,55,22
World,OWID_WRL,1848,125,55,22
World,OWID_WRL,1849,125,55,22
World,OWID_WRL,1850,125,55,22
World,OWID_WRL,1851,125,55,22
World,OWID_WRL,1852,124,54,24
World,OWID_WRL,1853,124,54,24
World,OWID_WRL,1854,124,54,24
World,OWID_WRL,1855,124,54,24
World,OWID_WRL,1856,124,54,24
World,OWID_WRL,1857,124,54,24
World,OWID_WRL,1858,122,45,35
World,OWID_WRL,1859,122,45,35
World,OWID_WRL,1860,122,46,34
World,OWID_WRL,1861,119,49,34
World,OWID_WRL,1862,118,50,34
World,OWID_WRL,1863,118,51,33
World,OWID_WRL,1864,116,52,34
World,OWID_WRL,1865,114,53,35
World,OWID_WRL,1866,113,54,35
World,OWID_WRL,1867,112,55,35
World,OWID_WRL,1868,112,55,35
World,OWID_WRL,1869,110,56,36
World,OWID_WRL,1870,110,56,36
World,OWID_WRL,1871,106,60,36
World,OWID_WRL,1872,106,59,37
World,OWID_WRL,1873,105,61,36
World,OWID_WRL,1874,105,61,36
World,OWID_WRL,1875,104,62,36
World,OWID_WRL,1876,104,62,36
World,OWID_WRL,1877,101,62,39
World,OWID_WRL,1878,98,65,39
World,OWID_WRL,1879,98,65,39
World,OWID_WRL,1880,97,64,41
World,OWID_WRL,1881,97,64,41
World,OWID_WRL,1882,95,63,44
World,OWID_WRL,1883,95,63,44
World,OWID_WRL,1884,93,64,45
World,OWID_WRL,1885,91,66,45
World,OWID_WRL,1886,87,71,44
World,OWID_WRL,1887,87,70,45
World,OWID_WRL,1888,85,72,45
World,OWID_WRL,1889,84,73,45
World,OWID_WRL,1890,83,72,47
World,OWID_WRL,1891,80,74,48
World,OWID_WRL,1892,79,75,48
World,OWID_WRL,1893,78,76,48
World,OWID_WRL,1894,76,77,49
World,OWID_WRL,1895,76,77,49
World,OWID_WRL,1896,76,77,49
World,OWID_WRL,1897,73,79,50
World,OWID_WRL,1898,73,79,50
World,OWID_WRL,1899,71,78,53
World,OWID_WRL,1900,69,78,55
World,OWID_WRL,1901,69,78,55
World,OWID_WRL,1902,68,79,55
World,OWID_WRL,1903,66,79,57
World,OWID_WRL,1904,65,80,57
World,OWID_WRL,1905,65,80,57
World,OWID_WRL,1906,65,80,57
World,OWID_WRL,1907,64,81,57
World,OWID_WRL,1908,63,82,57
World,OWID_WRL,1909,63,82,57
World,OWID_WRL,1910,63,82,57
World,OWID_WRL,1911,63,82,57
World,OWID_WRL,1912,63,81,58
World,OWID_WRL,1913,61,83,58
World,OWID_WRL,1914,61,83,58
World,OWID_WRL,1915,61,83,58
World,OWID_WRL,1916,61,83,58
World,OWID_WRL,1917,60,82,60
World,OWID_WRL,1918,58,83,61
World,OWID_WRL,1919,58,83,61
World,OWID_WRL,1920,56,80,66
World,OWID_WRL,1921,55,81,66
World,OWID_WRL,1922,55,81,66
World,OWID_WRL,1923,55,81,66
World,OWID_WRL,1924,54,81,67
World,OWID_WRL,1925,53,82,67
World,OWID_WRL,1926,53,82,67
World,OWID_WRL,1927,53,82,67
World,OWID_WRL,1928,52,84,66
World,OWID_WRL,1929,48,91,63
World,OWID_WRL,1930,48,91,63
World,OWID_WRL,1931,47,92,63
World,OWID_WRL,1932,47,90,65
World,OWID_WRL,1933,47,89,66
World,OWID_WRL,1934,46,96,60
World,OWID_WRL,1935,46,96,60
World,OWID_WRL,1936,46,98,58
World,OWID_WRL,1937,45,100,57
World,OWID_WRL,1938,45,100,57
World,OWID_WRL,1939,45,101,56
World,OWID_WRL,1940,45,100,57
World,OWID_WRL,1941,45,100,57
World,OWID_WRL,1942,45,99,58
World,OWID_WRL,1943,44,100,58
World,OWID_WRL,1944,44,99,59
World,OWID_WRL,1945,43,100,59
World,OWID_WRL,1946,43,101,58
World,OWID_WRL,1947,43,101,58
World,OWID_WRL,1948,43,101,58
World,OWID_WRL,1949,42,103,57
World,OWID_WRL,1950,42,103,57
World,OWID_WRL,1951,41,103,58
World,OWID_WRL,1952,41,103,58
World,OWID_WRL,1953,40,103,59
World,OWID_WRL,1954,40,103,59
World,OWID_WRL,1955,39,104,59
World,OWID_WRL,1956,36,107,59
World,OWID_WRL,1957,34,108,60
World,OWID_WRL,1958,34,108,60
World,OWID_WRL,1959,33,109,60
World,OWID_WRL,1960,32,109,61
World,OWID_WRL,1961,31,108,63
World,OWID_WRL,1962,31,106,65
World,OWID_WRL,1963,29,107,66
World,OWID_WRL,1964,29,107,66
World,OWID_WRL,1965,29,107,66
World,OWID_WRL,1966,28,109,65
World,OWID_WRL,1967,28,109,65
World,OWID_WRL,1968,28,108,66
World,OWID_WRL,1969,27,107,68
World,OWID_WRL,1970,27,107,68
World,OWID_WRL,1971,26,105,71
World,OWID_WRL,1972,26,104,72
World,OWID_WRL,1973,26,103,73
World,OWID_WRL,1974,26,105,71
World,OWID_WRL,1975,25,106,71
World,OWID_WRL,1976,25,106,71
World,OWID_WRL,1977,24,104,74
World,OWID_WRL,1978,22,106,74
World,OWID_WRL,1979,22,104,76
World,OWID_WRL,1980,21,104,77
World,OWID_WRL,1981,19,104,79
World,OWID_WRL,1982,18,103,81
World,OWID_WRL,1983,18,103,81
World,OWID_WRL,1984,18,103,81
World,OWID_WRL,1985,18,103,81
World,OWID_WRL,1986,18,102,82
World,OWID_WRL,1987,18,102,82
World,OWID_WRL,1988,16,104,82
World,OWID_WRL,1989,15,104,83
World,OWID_WRL,1990,15,104,83
World,OWID_WRL,1991,14,102,86
World,OWID_WRL,1992,13,101,88
World,OWID_WRL,1993,13,97,92
World,OWID_WRL,1994,13,94,95
World,OWID_WRL,1995,11,93,98
World,OWID_WRL,1996,10,91,101
World,OWID_WRL,1997,10,89,103
World,OWID_WRL,1998,9,85,108
World,OWID_WRL,1999,9,84,109
World,OWID_WRL,2000,9,82,111
World,OWID_WRL,2001,9,81,112
World,OWID_WRL,2002,9,81,112
World,OWID_WRL,2003,9,79,114
World,OWID_WRL,2004,9,77,116
World,OWID_WRL,2005,7,78,117
World,OWID_WRL,2006,7,78,117
World,OWID_WRL,2007,4,78,120
World,OWID_WRL,2008,4,76,122
World,OWID_WRL,2009,3,77,122
World,OWID_WRL,2010,3,76,123
World,OWID_WRL,2011,3,76,123
World,OWID_WRL,2012,3,74,125
World,OWID_WRL,2013,2,75,125
World,OWID_WRL,2014,0,74,128
World,OWID_WRL,2015,0,74,128
World,OWID_WRL,2016,0,71,131
World,OWID_WRL,2017,0,72,130
World,OWID_WRL,2018,0,70,132
World,OWID_WRL,2019,0,70,132
World,OWID_WRL,2020,0,69,133
World,OWID_WRL,2021,0,67,135
World,OWID_WRL,2022,0,65,137
World,OWID_WRL,2023,0,62,140
World,OWID_WRL,2024,0,60,142
World,OWID_WRL,2025,0,61,141