Variable,Inhalt,Beschreibung
country,Geographic location.,
world_region,Broad geographic category,
year,Year of observation.,
population,"Population by country, available from 10,000 BCE to 2023, based on data and estimates from different sources.","Combination of different sources. We construct our long-run population data by combining multiple sources: 10,000 BCE–1799: historical estimates by HYDE (v3.3); 1800–1949: historical estimates by Gapminder (v7); 1950–2023: population records from the United Nations World Population Prospects (2024 revision). Geographical aggregates: For most years, we calculate aggregates by summing the population of member countries. We do this based on our definition of continents and the World Bank’s income groups. The only exception is before 1800, where we use HYDE's estimates for continents (but not income groups). For most of the years, we've estimated regional aggregates by summing the population of countries in each region. We've relied on our continents and World Bank income group definitions. The only exception is before 1800, where we've used HYDE's estimates on continents (but not income groups). World: Before 1800: we use data from HYDE; 1800-1950: we estimate the global population by summing all available countries in the dataset; After 1950, we rely on estimates from the United Nations World Population Prospects."
gdp,"GDP per capita, PPP (constant 2021 international $)","Average economic output per person in a country or region per year. This data is adjusted for inflation and differences in living costs between countries. GDP per capita is a comprehensive measure of people's average income. It helps compare income levels across countries and track how they change over time. It is especially useful for understanding trends in economic growth and living standards. GDP per capita is calculated as the value of all final goods and services produced each year in a country (the gross domestic product, divided by the population. It represents the average economic output per person."
genuine_savings,Genuine savings per capita,Genuine savings = net investment in fixed produced capital formation and overseas investment + change to natural capital + education expenditure. This data is measured in international-$ at 1990 prices to account for inflation and differences in living costs between countries.
headcount_ratio_international_povline,Poverty rate: >$1.90,% of population living in households with an income or expenditure per person below the International Poverty Line: $1.90 a day (in 2011 prices) or $2.15 a day (in 2017 prices).
headcount_ratio_upper_mid_income_povline,Poverty rate: >$5.50,% of population living in households with an income or expenditure per person below the upper-middle income poverty line: $5.50 a day (in 2011 prices) or $6.85 a day (in 2017 prices).
headcount_ratio_4000,Rate expenditure <40$,% of population living in households with an income or expenditure per person below $40 a day.
headcount_ratio_50_median,Expenditure <50% of median,% of population living in households with an income or expenditure per person below 50% of the median.
total_shortfall_international_povline,The total shortfall from the International Poverty Line: $1.90 a day (in 2011 prices) or $2.15 a day (in 2017 prices).,"This is the amount of money that would be theoretically needed to lift the incomes or expenditure of all people in poverty up to the poverty line. However this is not a measure of the actual cost of eliminating poverty, since it does not take into account the costs involved in making the necessary transfers nor any changes in behaviour they would bring about."
poverty_gap_index_international_povline,The poverty gap index calculated at the International Poverty Line: $1.90 a day (in 2011 prices) or $2.15 a day (in 2017 prices).,"The poverty gap index is a measure that reflects both the depth and prevalence of poverty. It is defined as the mean shortfall of the total population from the poverty line counting the non-poor as having zero shortfall and expressed as a percentage of the poverty line. 
It is worth unpacking that definition a little. For those below the poverty line, the shortfall corresponds to the amount of money required in order to reach the poverty line. For those at or above the poverty line, the shortfall is counted as zero. The average shortfall is then calculated across the total population ‚Äì both poor and non-poor ‚Äì and then expressed as a share of the poverty line.
Unlike the more commonly-used metric of the headcount ratio, the poverty gap index is thus sensitive not only to whether a person‚Äôs income falls below the poverty line or not, but also by how much, i.e. to the depth of poverty they experience."
mean_income,The mean level of income or expenditure per day.,
median_income,The level of income or expenditure per day below which half of the population live.,
gini,Gini coefficient for income,"The Gini coefficient measures inequality on a scale between 0 and 1, where higher values indicate greater inequality."
polarization_income,Degree of income polarization,"The polarization index, also known as the Wolfson polarization index, measures the extent to which the distribution of income or expenditure is ‚spread out and bi-modal. Like the Gini coefficient, the polarization index ranges from 0 (no polarization) to 1 (complete polarization). The polarization index is based on Wolfson (1994) and Ravallion and Chen (1997)."
s80_s20_ratio,The share of total income (or expenditure) of the top 20% divided by the share of the bottom 20%.,
living_streets_or_public_spaces,,"Population reported as experiencing homelessness at a single point in time per 100,000 people. The data is collected by counting the people living on the street or staying in shelters on one night of the year. Countries use different definitions and data collection methods and are harmonized to the extent possible. Data for the United Kingdom only considers England and is expressed in households. This data has been categorized within the European Typology of Homelessness and Housing Exclusion (ETHOS) typology is defined as people living rough, living in the streets or public spaces without a shelter that can be defined as living quarters.
        This data is collected with a _point-in-time count_, in which data are collected at a single point in time, generally through a coordinated street count or an enumeration of people staying in shelters for people experiencing homelessness on a given night. Point-in-time counts thus present a “snapshot” of homelessness at a single time and place.
        ""Countries use different definitions and data collection methods and are harmonized to the extent possible.
        ""Data for Australia, Canada, France, Germany, South Korea, Norway, and the United States includes people living in unconventional dwellings (e.g. tents)."
staying_temporary_acc_shelter,,"Population reported as experiencing homelessness at a single point in time per 100,000 people. The data is collected by counting the people living on the street or staying in shelters on one night of the year. Countries use different definitions and data collection methods and are harmonized to the extent possible. Data for the United Kingdom only considers England and is expressed in households. This data has been categorized within the European Typology of Homelessness and Housing Exclusion (ETHOS) typology is defined as people living rough, living in the streets or public spaces without a shelter that can be defined as living quarters.
        This data is collected with a _point-in-time count_, in which data are collected at a single point in time, generally through a coordinated street count or an enumeration of people staying in shelters for people experiencing homelessness on a given night. Point-in-time counts thus present a “snapshot” of homelessness at a single time and place.
        ""Countries use different definitions and data collection methods and are harmonized to the extent possible.
        ""Data for Australia, Canada, France, Germany, South Korea, Norway, and the United States includes people living in unconventional dwellings (e.g. tents)."
unhoused_either,,"Population reported as experiencing homelessness at a single point in time per 100,000 people. The data is collected by counting the people living on the street or staying in shelters on one night of the year. Countries use different definitions and data collection methods and are harmonized to the extent possible. Data for the United Kingdom only considers England and is expressed in households. This data has been categorized within the European Typology of Homelessness and Housing Exclusion (ETHOS) typology is defined as people living rough, living in the streets or public spaces without a shelter that can be defined as living quarters.
        This data is collected with a _point-in-time count_, in which data are collected at a single point in time, generally through a coordinated street count or an enumeration of people staying in shelters for people experiencing homelessness on a given night. Point-in-time counts thus present a “snapshot” of homelessness at a single time and place.
        ""Countries use different definitions and data collection methods and are harmonized to the extent possible.
        ""Data for Australia, Canada, France, Germany, South Korea, Norway, and the United States includes people living in unconventional dwellings (e.g. tents)."
child mortality rate,"Child mortality rate of children aged under five years, per 100 live births",Source: United Nations Inter-agency Group for Child Mortality Estimation (2025) – with minor processing by Our World in Data
co2,Annual CO2 emissions,"Annual total emissions of carbon dioxide (CO2), excluding land-use change, measured in million tonnes."
co2_growth_abs,Annual absolute CO2 emissions growth,"Annual growth in total emissions of carbon dioxide (CO2), excluding land-use change, measured in million tonnes."
co2_growth_prct,Annual CO2 emissions growth in %,"Annual percentage growth in total emissions of carbon dioxide (CO2), excluding land-use change."
co2_per_capita,CO2 emissions per capita,"Carbon dioxide (CO2) emissions from burning fossil fuels and industrial processes. This includes emissions from transport, electricity generation, and heating, but not land-use change."
co2_per_gdp,Annual CO2 emissions per GDP (kg per international-$),"Annual total emissions of carbon dioxide (CO2), excluding land-use change, measured in kilograms per dollar of GDP (2011 international-$)."
cumulative_co2,Cumulative CO2 emissions,"Total cumulative emissions of carbon dioxide (CO2), excluding land-use change, since the first year of available data, measured in million tonnes."
energy_per_capita,Primary energy consumption per capita,Measured in kilowatt-hours per person.
primary_energy_consumption,Primary energy consumption,Measured in terawatt-hours.
share_global_co2,Share of global annual CO2 emissions,"Annual total emissions of carbon dioxide (CO2), excluding land-use change, measured as a percentage of global emissions of CO2 in the same year."
total_ghg,Annual greenhouse gas emissions including land use,Greenhouse gas emissions are measured in tonnes of carbon dioxide-equivalents over a 100-year timescale.
democracy_score,Political regime (numerical),"Identifies the political regime of a country by distinguishing between closed autocracies, electoral autocracies, electoral democracies, and liberal democracies. The indicator uses the Regimes of the World classification by political scientists Anna Lührmann, Marcus Tannenberg and Staffan Lindberg. The classification distinguishes between closed autocracies (score 0), electoral autocracies (score 1), electoral democracies (score 2), and liberal democracies (score 3). In closed autocracies, citizens do not have the right to either choose the chief executive of the government or the legislature through multi-party elections. In electoral autocracies, citizens have the right to choose the chief executive and the legislature through multi-party elections; but they lack some freedoms, such as the freedoms of association or expression, that make the elections meaningful, free, and fair. In electoral democracies, citizens have the right to participate in meaningful, free and fair, and multi-party elections. In liberal demoracies, citizens have further individual and minority rights, are equal before the law, and the actions of the executive are constrained by the legislative and the courts.
Data imputation: We expand the years covered by V-Dem further: To expand the time coverage of today's countries and include more of the period when they were still non-sovereign territories, we identified the historical entity they were a part of and used that regime's data whenever available. For example, V-Dem only provides regime data since Bangladesh's independence in 1971. There is, however, regime data for Pakistan and the colony of India, both of which the current territory of Bangladesh was a part. We, therefore, use the regime data of Pakistan for Bangladesh from 1947 to 1970, and the regime data of India from 1789 to 1946. We did so for all countries with a past or current population of more than one million."
democracy_score_string,Political regime (as characters),
total_emigrants,Total number of emigrants,"People that were born in a country but now live in another country. Regional aggregates (such as continents, income groups and the worldwide aggregate) are based on our definition of the continents and the World Bank definition of income groups, unless otherwise indicated. They might differ from the definitions used by the United Nations."
healthcare_spending_share_of_gdp,Current health expenditure (CHE) as percentage of gross domestic product (GDP) (%),
total_immigrants,Total number of international immigrants,"People living in a given country who were born in another country. Regional aggregates (such as continents, income groups and the worldwide aggregate) are based on our definition of the continents and the World Bank definition of income groups, unless otherwise indicated. They might differ from the definitions used by the United Nations"
life_expectancy_birth,"Life Expectancy, age 0","Period life expectancy for individuals who have reached age 0. Estimates are expressed as the expected age at death, not as years left to live."
plastic_waste_generation,"Plastic waste generation, in tonnes","This measures total plastic waste generation prior to management and therefore does not represent the quantity of plastic at risk of polluting waterways, rivers and the ocean environment."
deaths_in_armed_conflicts,Deaths in armed conflicts based on where they occurred,Included are deaths of combatants and civilians due to fighting in [armed conflicts](#dod:armed-conflict-ucdp) that were ongoing that year.
access_to_water,Share of the population using safely managed drinking water,"Proportion of people using an [improved drinking water source](#dod:improved-water-source) that is located on premises, available when needed and free from faecal and priority chemical contamination. Source: WHO/UNICEF Joint Monitoring Programme for Water Supply, Sanitation and Hygiene (2025)"
maternal_deaths,Number of maternal deaths,Estimated annual number of women who die from maternal conditions. Source: World Health Organization - Global Health Observatory (2025)
plastic_waste_exports,Plastic waste that is exported by all modes of transport in a given year,United Nations Comtrade Database (2023); United Nations Comtrade Database (2025)
number_of_internet_users,Number of people using the Internet,"Number of people who used the Internet in the last three months, as a share of the total population. Data from International Telecommunication Union (via World Bank)."
healthy_diet,Share of population that cannot afford a healthy diet,"The cost of a healthy diet is the lowest-cost set of foods available that would meet requirements in dietary guidelines from governments and public health agencies. A diet is defined as unaffordable when its cost, plus basic non-food needs like housing and transportation, exceeds daily income. Source: FAO and World Bank (2025), using data and methods from Bai et al. (2024)"
years_of_schooling,Learning-adjusted years of schooling among children,"Learning-adjusted years of schooling among children combine the quantity and quality of education into one metric, accounting for the fact that similar durations of schooling can yield different learning outcomes. Source: World Bank based on methodology in Filmer et al. (2018)"
girls_in_tertiary,Share of girls within the relevant age group who are enrolled in tertiary education.,"This is given as the 'gross' rate, which includes children of any age entering the level of education; this can result in percentages greater than 100 because children may enter education late or repeat a year. Source: Multiple sources compiled by World Bank (2024)"
boys_in_tertiary,Share of boys within the relevant age group who are enrolled in tertiary education.,"This is given as the 'gross' rate, which includes children of any age entering the level of education; this can result in percentages greater than 100 because children may enter education late or repeat a year. Source: Multiple sources compiled by World Bank (2024)"
girls_in_primary,Share of girls within the relevant age group who are enrolled in primary education.,"This is given as the 'gross' rate, which includes children of any age entering the level of education; this can result in percentages greater than 100 because children may enter education late or repeat a year. Source: Multiple sources compiled by World Bank (2024)"
boys_in_primary,Share of boys within the relevant age group who are enrolled in primary education.,"This is given as the 'gross' rate, which includes children of any age entering the level of education; this can result in percentages greater than 100 because children may enter education late or repeat a year. Source: Multiple sources compiled by World Bank (2024)"
primary_enrollment_rate,Primary education enrollment rates,"This is given as the gross rate, which includes children of any age entering the level of education; this can result in percentages greater than 100 because children may enter education late or repeat a year. Source: UNESCO Institute for Statistics (2025). The gross enrollment ratio counts all students enrolled at a specific education level, regardless of their age. This includes students who are younger or older than the official age range because they started school early, started late, or repeated grades. It measures enrollment at a given level by dividing the total number of students—of any age—by the size of the age group officially assigned to that level. For instance, primary enrollment counts everyone enrolled, even outside ages 6–11, but compares it only to the 6–11 population. Values can exceed 100% when students repeat grades or start late. For instance, primary school enrollment might include 12- or 13-year-olds who started late or repeated grades, pushing the ratio above 100%. A value of 100% does not guarantee that all children in the official age group are enrolled in school; some may be out of school entirely, but the ratio appears high due to older students being counted in the total. Values much lower than 100% indicate that many children of the official age are not enrolled at the expected education level - they may be out of school entirely, enrolled at a different level, or have never started school. Values much higher than 100% can indicate educational challenges such as high grade repetition rates, late school entry, or inefficient progression through the system. The data comes from administrative records such as school enrollment reports, combined with population estimates typically sourced from the United Nations or national statistical offices."
secondary_enrollment_rate,Secondary education enrollment rates,"This is given as the gross rate, which includes children of any age entering the level of education; this can result in percentages greater than 100 because children may enter education late or repeat a year. Source: UNESCO Institute for Statistics (2025). The gross enrollment ratio counts all students enrolled at a specific education level, regardless of their age. This includes students who are younger or older than the official age range because they started school early, started late, or repeated grades. It measures enrollment at a given level by dividing the total number of students—of any age—by the size of the age group officially assigned to that level. For instance, primary enrollment counts everyone enrolled, even outside ages 6–11, but compares it only to the 6–11 population. Values can exceed 100% when students repeat grades or start late. For instance, primary school enrollment might include 12- or 13-year-olds who started late or repeated grades, pushing the ratio above 100%. A value of 100% does not guarantee that all children in the official age group are enrolled in school; some may be out of school entirely, but the ratio appears high due to older students being counted in the total. Values much lower than 100% indicate that many children of the official age are not enrolled at the expected education level - they may be out of school entirely, enrolled at a different level, or have never started school. Values much higher than 100% can indicate educational challenges such as high grade repetition rates, late school entry, or inefficient progression through the system. The data comes from administrative records such as school enrollment reports, combined with population estimates typically sourced from the United Nations or national statistical offices."
tertiary_enrollment_rate,Tertiary education enrollment rates,"This is given as the gross rate, which includes children of any age entering the level of education; this can result in percentages greater than 100 because children may enter education late or repeat a year. Source: UNESCO Institute for Statistics (2025). The gross enrollment ratio counts all students enrolled at a specific education level, regardless of their age. This includes students who are younger or older than the official age range because they started school early, started late, or repeated grades. It measures enrollment at a given level by dividing the total number of students—of any age—by the size of the age group officially assigned to that level. For instance, primary enrollment counts everyone enrolled, even outside ages 6–11, but compares it only to the 6–11 population. Values can exceed 100% when students repeat grades or start late. For instance, primary school enrollment might include 12- or 13-year-olds who started late or repeated grades, pushing the ratio above 100%. A value of 100% does not guarantee that all children in the official age group are enrolled in school; some may be out of school entirely, but the ratio appears high due to older students being counted in the total. Values much lower than 100% indicate that many children of the official age are not enrolled at the expected education level - they may be out of school entirely, enrolled at a different level, or have never started school. Values much higher than 100% can indicate educational challenges such as high grade repetition rates, late school entry, or inefficient progression through the system. The data comes from administrative records such as school enrollment reports, combined with population estimates typically sourced from the United Nations or national statistical offices."
edu_spending_total_spending,Share of GDP spent on education vs. share of government spending assigned to education,"General government  spending on education (current, capital, and transfers) is shown as a percentage of total government spending across all sectors."
edu_spending_gdp,Share of GDP spent on education vs. share of government spending assigned to education,"General government  spending on education (current, capital, and transfers) is shown as a percentage of GDP."
illiterate_rate,Ratio of illiterate adults among population,"Share of adults who can read and write a simple statement about their everyday life. Because definitions of literacy and population coverage changed over time, comparisons between historical and modern data should be made with caution. Source: UNESCO (1957) and other sources."
trust_attitudes,,"Share of people agreeing with the statement: ""most people can be trusted"". Data from Integrated Values Surveys (2024)"
one_person_households,Percentage of one-person households,"Number of one-person households as a share of the total number of households. Estimates combine multiple sources, including cross-country surveys and census data."
suicide_rate,,"Estimated annual number of suicides per 100,000 people. Suicide deaths are underreported in many countries due to social stigma and cultural or legal concerns. This data includes modeling based on global suicide patterns, and includes adjustments and extrapolations that aim to account for missing data and underreporting. To allow for comparisons between countries and over time, this metric is age-standardized. World Health Organization (2024)"
female_labor_participation,,"Rate of female labor market participation, in percent."
bribery_prevalence,Share of people who said they were asked for a bribe or paid one,Share of respondents who report having contact with a public official in the past 12 months and paying or being asked to pay a bribe. Data from United Nations Office on Drugs and Crime
annual_working_hours,annual working hours per person employed,"Regular hours worked by full-time and part-time workers, paid and unpaid overtime, hours worked in additional jobs, and time not worked because of public holidays, annual paid leave, strikes and labour disputes, and other reasons. Data from OECD."
land_animals_slaughtered_for_meat,Land animals slaughtered for meat,"Based on the country of production, not consumption. Additional deaths that happen during meat and dairy production prior to the slaughter, for example due to disease or accidents, are not included. Data from: Food and Agriculture Organization of the United Nations (2025)"
time_use_*,,Averages of  minutes per day from time-use diaries for people between 15 and 64.
gender_wage_gap,Gender wage gap,"Difference between average earnings of men and women, expressed as a percentage of average earnings of men. This data is unadjusted for worker characteristics. The data corresponds to gross hourly earnings and includes both full-time and part-time workers. Source: International Labour Organization (2026)"
life_satisfaction,Self-reported life satisfaction,"Average of survey responses in the World Happiness Report. The survey question asks respondents their current position on a hypothetical ladder, where the best possible life for them is a 10, and the worst possible life is a 0. The Cantril ladder asks respondents to think of a ladder, with the best possible life for them being a 10 and the worst possible life being a 0. They are then asked to rate their own current lives on that 0 to 10 scale. The rankings are calculated by the World Happiness Report based on nationally representative samples collected by the Gallup World Poll. The score is the average of the three-year survey period, i.e. the year 2025 shows the average of the 2023-2025 survey data. The number of people and countries surveyed varies year to year, but typically more than 100,000 people in over 140 countries participate in the Gallup World Poll each year. The rankings are based entirely on the survey scores, which are weighted by Gallup to make the estimates representative. Source: Wellbeing Research Centre (2026)."
share_internet_users,"Share of individuals using the internet within country, in percent",
domestic_violence_women,Share of women who experienced violence from an intimate partner,Ever-partnered women aged over 15 years who have been subject to physical or sexual violence by a current or former intimate partner in the last 12 months. An ever-partnered woman is a woman who has had an intimate partner at any time in their life. Source: Data from multiple sources compiled by the UN
suicide_rate_*,Male / female suicide rate,"Reported annual death rate from suicide per 100,000 people. Suicide deaths are underreported in many countries due to social stigma and cultural or legal concerns. This data has not been adjusted for underreporting, and comparisons may be affected by differences in measurement. Reported rates are based on the underlying cause of death listed on death certificates. To allow for comparisons between countries and over time, this metric is age-standardized. Source: WHO Mortality Database (2025)"
maternal_mortality_ratio,,"Estimated number of women who die from maternal conditions per 100,000 live births, based on data from death certificates, large-scale surveys, and statistical modeling. rior to 1985, only reported data are available, which are likely to underestimate the true maternal mortality rate. From 1985, estimates are shown, which aim to adjust for underreporting and misclassification. Source: UN MMEIG (2023) and other sources. he dataset combines three sources: WHO Mortality Database (before 1985), Gapminder (before 1985, if WHO Mortality Database data are unavailable), UN MMEIG (1985 onwards). The WHO Mortality Database and Gapminder contain reported figures from countries, and are likely to underestimate the true maternal mortality figures. The UN MMEIG aims to estimates the true rate, by adjusting for underreporting and misclassification. Sudden jumps in mortality rate in 1985 are a consequence of switching data sources (from reported to estimated figures). For the years between 1950 - 1985 we calculated the maternal mortality ratio and maternal mortality rate based on the number of maternal deaths from the WHO mortality database and live births and female population of reproductive age from the UN WPP. Where the reported maternal deaths in the WHO Mortality Database differed significantly from the estimated figures in the UN MMEIG data, we opted not to include them. Where a data point is attached to a range of years in the Gapminder data set, we used the midpoint of the range. The UN MMEIG data shown (post 1985) is the point estimate - this means there is a 50% chance that the true measure lies above this point, and a 50% chance that the true value lies below this point. We calculated regional aggregates by summing the maternal deaths and live births of all countries in the region and then calculating the MMR based on these figures."
scientific_publications_per_million,Annual articles published in scientific and technical journals per million people,"Includes physics, biology, chemistry, mathematics, clinical medicine, biomedical research, engineering and technology, and earth and space sciences. Articles are assigned based on the country of the first author's institution. Source: National Science Foundation Science and Engineering Indicators, via World Bank (2026); United Nations Population Division, national statistical offices, and Eurostat, via World Bank (2026)"
military_spending,Military spending as a share of GDP,"Military expenditure divided by gross domestic product, expressed as a percentage. Includes military and civil personnel, operation and maintenance, procurement, military research and development, infrastructure, and aid. Source: Stockholm International Peace Research Institute (2026)"
median_age,,"The median age is the age that divides the population into two equal halves — half of the population is younger, and half is older. Future projections are based on the UN's medium scenario. Source: UN, World Population Prospects (2024)"
median_age_projected,,"The median age is the age that divides the population into two equal halves — half of the population is younger, and half is older. Future projections are based on the UN's medium scenario. Source: UN, World Population Prospects (2024)"
lgbt_equality_index,LGBT+ Legal Equality Index,"The index captures to which extent LGBT+ people have the same rights as straight and cisgender people. It combines 15 individual policies, such as the legality of same-sex relationships, marriage, and gender marker changes. It ranges from 0 to 100 (most equal). The legal equality index summarizes the current legal status of 16 LGBT+ policies — from the legality of same-sex sexual activity and marriage to hate-crime protections and the right to change legal gender — each weighted by how heavily it counts toward the overall ranking. Source: Equaldex (2026); Population based on various sources (2024)"
homicide_rate,"Annual number of deaths from homicide per 100,000 people","Intentional homicide requires three elements: one person killing another, intent to kill or seriously injure, and the act was illegal. For example, a person who kills another in self-defence is not considered to have committed an intentional homicide as justifiable homicide in self-defence is not illegal. All killings that meet the criteria listed below are to be considered intentional homicides, irrespective of definitions provided by national legislations or practices. Terrorist killings are included as intentional homicides. Source: United Nations Office on Drugs and Crime (2025)"
female_homicide_rate,,"Annual number of intentional homicides where the victim was female, per 100,000 women. Includes all age groups. UNODC collects intentional homicide data from criminal justice systems (law enforcement records) and public health systems (death certificates). Intentional homicide requires three elements: one person killing another, intent to kill or seriously injure, and the act was illegal. For example, a person who kills another in self-defence is not considered to have committed an intentional homicide as justifiable homicide in self-defence is not illegal. All killings that meet the criteria listed below are to be considered intentional homicides, irrespective of definitions provided by national legislations or practices. Terrorist killings are included as intentional homicides. Source: UN, World Population Prospects (2024); United Nations Office on Drugs and Crime (2025)"